purchases,time_spent,n_visits,lead_id,lead_indicator,date_part,source,customer_group,onboarding,customer_code,bin_source
0.271611825747159,0.512086024922989,0.7030933997370894,2,1.0,2024-01-27,signup,5,False,STWPXVNOWA,group1
0.832367608877567,0.6483304861554644,0.14061867994741786,10,0.0,2024-01-11,signup,4,True,JWLXPVANUM,group1
0.6080652956254038,0.1666202917783024,0.18749157326322383,13,0.0,2024-01-22,signup,6,True,WNKCTHUHYI,group1
0.49591413899932213,0.6747763483215481,0.3281102532106417,17,1.0,2024-01-07,signup,8,False,INIQMTGGOO,group1
0.271611825747159,0.36628791884277456,0.8905849730003133,19,0.0,2024-01-20,signup,9,True,SJGDAANOYJ,group1
0.49591413899932213,0.07953210234708541,0.04687289331580596,22,0.0,2024-01-06,signup,3,True,SPWNMQUWDX,group1
0.15946066912107737,0.8015695404631513,0.6562205064212835,27,1.0,2024-01-30,signup,1,True,IAPSPPLUZL,group1
0.271611825747159,0.0,0.9843307596319252,28,1.0,2024-01-11,signup,8,True,EDWMENKILD,group1
0.6080652956254038,0.8681807185956885,0.0,29,0.0,2024-01-09,signup,3,False,DNGAQVVEDN,group1
0.49591413899932213,0.9871628783591304,0.23436446657902976,30,1.0,2024-01-20,signup,4,False,WSQVNMPZOH,group1
0.3837629823732406,0.166369436936193,0.2812373598948357,32,0.0,2024-01-20,signup,9,False,GKIHITQJGU,group1
0.49591413899932213,0.9170773433859858,0.5156018264738655,33,1.0,2024-01-31,signup,4,True,QOVDCTYYGT,group1
0.271611825747159,0.4310933386620297,0.14061867994741786,36,0.0,2024-01-28,signup,6,True,KYUCVVIKET,group1
0.49591413899932213,0.9922382781755621,0.37498314652644765,38,1.0,2024-01-02,signup,2,True,HFELNNHTEW,group1
0.49591413899932213,0.41777256438540533,0.14061867994741786,40,0.0,2024-01-01,signup,3,False,HOVYUZIDIO,group1
0.3837629823732406,0.36373736442220483,0.04687289331580596,41,0.0,2024-01-09,signup,6,False,BBRMJIJJBF,group1
0.9999999999999999,0.4090292775076092,0.5624747197896716,43,1.0,2024-01-13,signup,4,False,PWSIBFQQXN,group1
0.832367608877567,0.09927878487948893,0.04687289331580596,44,0.0,2024-01-31,signup,8,True,XNVURJEHVZ,group1
0.832367608877567,0.4603572205632793,0.4218560398422536,49,0.0,2024-01-29,signup,1,False,CPADDAXJVL,group1
0.9445187655036485,0.388960148064061,0.23436446657902976,55,1.0,2024-01-16,signup,9,False,ZQFIPOQZHG,group1
0.6080652956254038,0.2574586735983879,0.0937457866316119,57,0.0,2024-01-31,signup,9,False,JFLRBCHQYR,group1
0.9999999999999999,0.500859140967024,0.23436446657902976,58,0.0,2024-01-26,signup,7,True,SOMOYBNEQM,group1
0.6080652956254038,0.594909759658738,0.6093476131054775,61,0.0,2024-01-03,signup,6,True,BTDCFQUACC,group1
0.6080652956254038,0.3559622402546956,0.18749157326322383,68,0.0,2024-01-02,signup,9,False,HTUIUEAPSS,group1
0.3837629823732406,0.7149028585520303,0.04687289331580596,72,0.0,2024-01-15,signup,5,True,KQAKBGLQBJ,group1
0.271611825747159,0.7926915539965163,0.4218560398422536,87,1.0,2024-01-26,signup,7,False,XJMJZQDDJC,group1
0.49591413899932213,0.3035231713990538,0.18749157326322383,88,1.0,2024-01-19,signup,5,False,ILBYCVCCZP,group1
0.7202164522514855,0.8926997795030327,0.3281102532106417,93,1.0,2024-01-12,signup,3,True,BNJNDMKIOK,group1
0.49591413899932213,0.5153025079519198,0.18749157326322383,95,0.0,2024-01-07,signup,1,False,JBJDCNSVYQ,group1
0.15946066912107737,0.571369175499755,0.4687289331580596,97,0.0,2024-01-12,signup,3,False,EVTQSTMJAY,group1
0.3837629823732406,0.07692044291358213,0.6562205064212835,104,1.0,2024-01-02,signup,1,True,IROQPSWYUC,group1
0.9999999999999999,0.5695791436043018,0.5624747197896716,107,1.0,2024-01-17,signup,2,True,YHGCDBUZOO,group1
0.271611825747159,0.3627850740264744,0.0,109,0.0,2024-01-23,signup,2,True,TUKZRKNGZC,group1
0.6080652956254038,0.7026395712495574,0.14061867994741786,110,0.0,2024-01-01,signup,4,True,NWTUJSIWDD,group1
0.271611825747159,0.6564622388775478,0.2812373598948357,112,1.0,2024-01-18,signup,4,True,BPQXMGSSGK,group1
0.3837629823732406,0.539155043596943,1.0,116,1.0,2024-01-28,signup,3,False,ANVCOQDWPG,group1
0.3837629823732406,0.33195142679546263,0.8437120796845072,126,1.0,2024-01-12,signup,3,True,NBUXBYCSKE,group1
0.49591413899932213,0.7826939604789338,0.18749157326322383,130,0.0,2024-01-04,signup,5,True,FBOBLIOYHV,group1
0.7202164522514855,0.3263166099714323,0.23436446657902976,133,0.0,2024-01-12,signup,5,True,TLHITDPRSA,group1
0.6080652956254038,0.048627872185767806,0.3281102532106417,141,0.0,2024-01-01,signup,7,False,JMFONJZUPE,group1
0.3837629823732406,0.7846989429595821,0.3281102532106417,142,0.0,2024-01-17,signup,9,False,KNDCQISUNM,group1
0.832367608877567,0.5211776310544236,0.9374578663161192,146,1.0,2024-01-25,signup,9,False,UKEAVDRBIM,group1
0.271611825747159,0.7793431087655689,0.23436446657902976,148,0.0,2024-01-13,signup,2,True,VIQNDTATLY,group1
0.7202164522514855,0.5393259609449208,0.04687289331580596,152,0.0,2024-01-29,signup,2,False,PKMEXRHJWN,group1
0.832367608877567,1.0000000000000004,0.04687289331580596,160,0.0,2024-01-23,signup,7,False,PJACVAGSNN,group1
0.6080652956254038,0.35252248437259803,0.14061867994741786,167,0.0,2024-01-18,signup,1,False,MNCSDIPRDF,group1
0.3837629823732406,0.5072662226243541,0.6093476131054775,169,1.0,2024-01-20,signup,6,False,CNNNKVXVBZ,group1
0.6080652956254038,0.95742961116007,0.5156018264738655,183,1.0,2024-01-06,signup,5,True,LUBQTNWDCM,group1
0.49591413899932213,0.7128252291575317,1.0,185,1.0,2024-01-02,signup,9,False,AACEDUWABX,group1
0.271611825747159,0.7582014112641318,1.0,186,1.0,2024-01-12,signup,9,False,QGGDGUBOFX,group1
0.047309512494995765,0.1346613686721989,1.0,188,1.0,2024-01-04,signup,9,True,ETCMPIAOPD,group1
0.6080652956254038,0.5886582182034039,0.18749157326322383,189,0.0,2024-01-23,signup,5,True,VOOTYELWHE,group1
0.271611825747159,0.361090711116256,0.0,190,0.0,2024-01-13,signup,5,False,CXUUCQWNNU,group1
0.7202164522514855,0.6709729519375469,0.7968391863687013,191,1.0,2024-01-17,signup,2,False,CTTBPSFQGY,group1
0.6080652956254038,0.33850020277952675,0.37498314652644765,194,0.0,2024-01-09,signup,4,False,OWBEEKDLKJ,group1
0.271611825747159,0.8743374632179384,0.5624747197896716,197,1.0,2024-01-01,signup,2,True,VDNVRNQBWI,group1
0.15946066912107737,0.5162440027448354,0.4687289331580596,200,1.0,2024-01-05,signup,5,True,JBIJNXCLSV,group1
0.3837629823732406,0.23605396790411248,0.5624747197896716,204,1.0,2024-01-20,signup,2,False,DIEBKIQXIE,group1
0.3837629823732406,0.5383051879519298,0.5624747197896716,211,1.0,2024-01-29,signup,7,False,PLTYLCEFBO,group1
0.49591413899932213,0.8095368277005446,0.7030933997370894,212,1.0,2024-01-18,signup,8,False,UXHKQSMYVV,group1
0.047309512494995765,0.42347150436389436,0.04687289331580596,213,0.0,2024-01-27,signup,1,True,ZOYWTXPOZY,group1
0.49591413899932213,0.39372569700612203,0.6562205064212835,214,1.0,2024-01-20,signup,5,True,JNWPKXCSSO,group1
0.9445187655036485,0.2834508797064492,0.23436446657902976,215,0.0,2024-01-04,signup,8,False,VUZLWIFHQJ,group1
0.3837629823732406,0.7037826738566162,0.5156018264738655,221,1.0,2024-01-14,signup,6,False,MKSYUTUPJP,group1
0.3837629823732406,0.43758380044743506,0.18749157326322383,227,0.0,2024-01-27,signup,2,False,FJPJFRMSBU,group1
0.49591413899932213,0.46466524149662325,0.3281102532106417,230,1.0,2024-01-22,signup,9,False,EQOMPRQEWY,group1
0.49591413899932213,0.4828665398565861,0.23436446657902976,234,0.0,2024-01-06,signup,6,False,WDCBAOBGWP,group1
0.7202164522514855,0.46186046376844647,0.5156018264738655,235,1.0,2024-01-26,signup,5,True,YLJXFOVMVA,group1
0.49591413899932213,0.6027528906689019,0.4218560398422536,240,1.0,2024-01-04,signup,7,False,ZYKTZXDHHZ,group1
0.3837629823732406,0.8446445204026434,0.0,246,0.0,2024-01-27,signup,7,True,None,group1
0.6080652956254038,0.38036920910283634,0.0,250,0.0,2024-01-18,signup,6,False,FVIKAFWSNY,group1
0.9999999999999999,0.5841260558797803,0.5624747197896716,252,1.0,2024-01-19,signup,2,False,KOCYNCMCMV,group1
0.7202164522514855,0.329012925899447,0.04687289331580596,253,0.0,2024-01-22,signup,9,True,BDQKEYUSMI,group1
0.49591413899932213,0.470732050261947,0.37498314652644765,256,1.0,2024-01-09,signup,8,True,FSXSWSYZUJ,group1
0.15946066912107737,0.45331614578122803,0.23436446657902976,259,0.0,2024-01-22,signup,9,True,KSFIGBQODL,group1
0.49591413899932213,0.9140615453778089,0.8437120796845072,267,1.0,2024-01-16,signup,4,False,LYBCDYVCHQ,group1
0.0,0.5355774260485049,0.0937457866316119,268,0.0,2024-01-02,signup,8,False,ICDPTWVENR,group1
0.3837629823732406,0.4630537135804067,0.5156018264738655,270,1.0,2024-01-20,signup,3,True,GOGGTKNAMI,group1
0.3837629823732406,0.3533006905959235,0.18749157326322383,272,1.0,2024-01-03,signup,8,False,MPHAMNJDFG,group1
0.7202164522514855,0.5046537926786518,0.5156018264738655,275,1.0,2024-01-23,signup,5,True,RWQKNZRIVB,group1
0.15946066912107737,0.13459993668293313,0.6562205064212835,276,1.0,2024-01-02,signup,6,True,RGEDZASBRA,group1
0.49591413899932213,0.4444756985688847,0.5156018264738655,279,1.0,2024-01-25,signup,8,True,ZDCQVADSDR,group1
0.49591413899932213,0.23098100183468473,0.14061867994741786,281,0.0,2024-01-05,signup,8,False,XVACGPNCAJ,group1
0.271611825747159,0.3412205692452872,0.0937457866316119,286,0.0,2024-01-30,signup,1,False,VEYIFYUIOP,group1
0.6080652956254038,0.2502177017437339,0.0937457866316119,293,0.0,2024-01-18,signup,5,False,BWKSTABDJH,group1
0.7202164522514855,0.5727995212486849,1.0,301,1.0,2024-01-12,signup,6,False,HWDYYSGJZR,group1
0.7202164522514855,0.4506316629497009,0.3281102532106417,306,1.0,2024-01-12,signup,9,True,POZJYBRZVJ,group1
0.3837629823732406,0.02780325458185784,0.7030933997370894,314,1.0,2024-01-30,signup,3,False,PVTMUCPXBM,group1
0.7202164522514855,0.8780447684858221,0.0,316,0.0,2024-01-11,signup,4,True,DNZYBFEQQX,group1
0.832367608877567,0.6225623455819078,0.2812373598948357,320,1.0,2024-01-30,signup,9,False,EPJEEVITQL,group1
0.271611825747159,0.7003668194991723,0.37498314652644765,321,1.0,2024-01-19,signup,2,False,PXLHFETYFZ,group1
0.49591413899932213,0.8605000698954535,0.6093476131054775,326,1.0,2024-01-05,signup,4,True,YJUWGABPSV,group1
0.49591413899932213,0.5714896743483644,1.0,327,1.0,2024-01-25,signup,4,True,KWPRBKALJZ,group1
0.49591413899932213,0.33161329497372627,0.37498314652644765,338,0.0,2024-01-21,signup,5,True,LXGGISTXEU,group1
0.3837629823732406,0.7099041885511719,0.23436446657902976,345,1.0,2024-01-15,signup,8,False,ZNTKHUJZBI,group1
0.49591413899932213,0.0,0.4687289331580596,347,0.0,2024-01-19,signup,9,True,GUHJUXCUAI,group1
0.49591413899932213,0.42567273277756446,0.37498314652644765,349,1.0,2024-01-05,signup,2,True,RUQHWTWNTS,group1
0.7202164522514855,0.34698053461034917,1.0,352,1.0,2024-01-13,signup,5,True,PYXIFNVILN,group1
0.3837629823732406,0.37724795952874945,0.0,353,0.0,2024-01-18,signup,1,True,IXRSKBZDGM,group1
0.271611825747159,0.6754166149060801,0.0,360,0.0,2024-01-30,signup,1,True,PJRQVNYWKR,group1
0.15946066912107737,0.5827441514242166,0.04687289331580596,362,0.0,2024-01-09,signup,2,False,CUOGTVGVLJ,group1
0.15946066912107737,0.679645948923401,0.37498314652644765,367,1.0,2024-01-10,signup,2,False,JELRVEIWTP,group1
0.6080652956254038,0.8120330030462917,0.0,370,0.0,2024-01-30,signup,3,False,AJTXKCIAPG,group1
0.49591413899932213,0.42711841409907025,0.6562205064212835,373,1.0,2024-01-21,signup,9,False,GRDBMUTEGG,group1
0.3837629823732406,0.6499752207432272,0.0,374,0.0,2024-01-13,signup,4,False,ZYBUMTNCVY,group1
0.7202164522514855,0.9244703985292007,0.6093476131054775,382,1.0,2024-01-13,signup,9,False,QIRLGHFEYT,group1
0.271611825747159,0.13425841370340974,0.5624747197896716,385,1.0,2024-01-05,signup,7,True,NEDLCGZVFP,group1
0.047309512494995765,0.12179987896763755,0.37498314652644765,388,1.0,2024-01-28,signup,2,True,JZUSHCNZAY,group1
0.271611825747159,0.9771635854668794,0.0,391,0.0,2024-01-26,signup,8,True,YGLLRNOUHW,group1
0.9999999999999999,0.6676531576661944,0.0,400,0.0,2024-01-20,signup,5,False,USEDQJJTXO,group1
0.15946066912107737,0.1482004576859941,0.3281102532106417,401,1.0,2024-01-23,signup,8,False,MHSUUXYIIR,group1
0.271611825747159,0.5114508303560781,0.14061867994741786,404,0.0,2024-01-09,signup,6,True,IGCIXTLQSM,group1
0.3837629823732406,0.139849473051183,0.0,406,0.0,2024-01-19,signup,8,False,DQBBZCLEKF,group1
0.271611825747159,0.8257522492929237,0.23436446657902976,419,1.0,2024-01-27,signup,8,True,AOOQECTXNK,group1
0.49591413899932213,0.409856651996797,0.18749157326322383,423,0.0,2024-01-06,signup,3,False,EPMDFKOEUJ,group1
0.7202164522514855,0.6996370631820596,0.3281102532106417,426,0.0,2024-01-21,signup,7,True,YFROGHEYSX,group1
0.271611825747159,0.35899604857477385,0.3281102532106417,427,1.0,2024-01-01,signup,6,True,LGZDTMNLJY,group1
0.15946066912107737,0.6728545778536534,0.0937457866316119,430,0.0,2024-01-28,signup,7,False,SNDYIUCQAE,group1
0.832367608877567,0.8224968439172029,0.6093476131054775,432,1.0,2024-01-20,signup,4,False,JHAOJJIWCW,group1
0.3837629823732406,0.20416513851007823,0.04687289331580596,436,0.0,2024-01-05,signup,5,True,QDOAFZIIST,group1
0.49591413899932213,0.6434868344336033,1.0,438,1.0,2024-01-15,signup,8,True,ADKNQXITXD,group1
0.9999999999999999,0.43176302823447443,0.6562205064212835,445,1.0,2024-01-08,signup,1,False,COQGIQDKJZ,group1
0.3837629823732406,0.43823556451156254,0.18749157326322383,449,0.0,2024-01-29,signup,3,True,XESIROZJQI,group1
0.271611825747159,0.6795423957844497,1.0,451,1.0,2024-01-11,signup,2,False,QNQSVXSEUL,group1
0.271611825747159,0.0,0.23436446657902976,452,0.0,2024-01-13,signup,1,False,PABKNFJTAM,group1
0.271611825747159,0.03585580889718054,0.7030933997370894,459,0.0,2024-01-19,signup,1,False,KJJLWOBSQO,group1
0.271611825747159,0.7930624905374439,0.9843307596319252,463,1.0,2024-01-31,signup,1,True,AEMOQPZTTB,group1
0.271611825747159,0.5585038660818178,0.7030933997370894,501,1.0,2024-01-06,signup,3,False,UTIMHHOHJP,group1
0.49591413899932213,0.3861285201664191,0.18749157326322383,505,0.0,2024-01-10,signup,7,True,YDSYXTXNUN,group1
0.271611825747159,0.5116479328993484,0.6562205064212835,512,1.0,2024-01-20,signup,5,False,MAHSOLTKEW,group1
0.3837629823732406,0.5801336025999984,0.04687289331580596,519,0.0,2024-01-24,signup,5,True,MFELPVBLUU,group1
0.49591413899932213,0.5655462582961253,0.7030933997370894,523,1.0,2024-01-25,signup,4,False,IKLMFEYYHN,group1
0.7202164522514855,0.2430162236582829,0.4218560398422536,525,0.0,2024-01-10,signup,1,False,XYECIRVNCY,group1
0.49591413899932213,0.06364230881049293,0.04687289331580596,526,0.0,2024-01-17,signup,6,True,PVDXFBWPGM,group1
0.6080652956254038,0.0,0.0937457866316119,527,0.0,2024-01-29,signup,5,True,RVMSZZDPNQ,group1
0.49591413899932213,0.4131218987911298,0.37498314652644765,528,0.0,2024-01-08,signup,8,False,SACGVDYWXR,group1
0.7202164522514855,0.21868832905383595,0.7968391863687013,530,1.0,2024-01-01,signup,3,False,DZHTRLDBIX,group1
0.15946066912107737,0.38882379916235843,0.8905849730003133,533,1.0,2024-01-07,signup,6,False,XOLXNLHBCZ,group1
0.7202164522514855,0.3149030289134256,0.2812373598948357,534,1.0,2024-01-24,signup,6,True,IEXGHXCYGL,group1
0.6080652956254038,0.11946834268662387,0.3281102532106417,537,0.0,2024-01-12,signup,2,False,PSOJFGSNNP,group1
0.7202164522514855,0.5489215827670417,0.2812373598948357,539,0.0,2024-01-26,signup,2,False,SYJUCSTRZE,group1
0.9999999999999999,0.30551313458765694,0.04687289331580596,557,0.0,2024-01-08,signup,6,False,LVJQWQXXLU,group1
0.3837629823732406,0.5121103300618657,0.23436446657902976,558,1.0,2024-01-10,signup,6,False,NHTYEOTPZH,group1
0.49591413899932213,0.5209401523947745,0.0,566,0.0,2024-01-30,signup,7,False,NAOXGOYWZF,group1
0.49591413899932213,0.23154810487603328,0.9374578663161192,575,1.0,2024-01-09,signup,4,True,REYBGTVOKY,group1
0.6080652956254038,0.4748452414750761,0.3281102532106417,576,0.0,2024-01-10,signup,5,False,NJEBHCDREE,group1
0.9445187655036485,0.09584529918814733,0.04687289331580596,580,0.0,2024-01-08,signup,3,True,YKEOETLNNG,group1
0.49591413899932213,0.6594695588975119,0.14061867994741786,582,0.0,2024-01-14,signup,8,True,ETCAJJRHIP,group1
0.3837629823732406,0.334861383455638,0.2812373598948357,592,0.0,2024-01-26,signup,2,False,CNKVNFRBSZ,group1
0.49591413899932213,0.31416401914329795,0.37498314652644765,593,0.0,2024-01-12,signup,6,False,FCNTCDPNMW,group1
0.3837629823732406,0.7745006119024427,0.0,598,0.0,2024-01-01,signup,3,True,UFFRUFQLMG,group1
0.047309512494995765,0.20602523383457294,0.04687289331580596,599,0.0,2024-01-20,signup,8,True,LPGTEFYWJL,group1
0.832367608877567,0.8084051032247839,0.04687289331580596,602,0.0,2024-01-03,signup,1,False,EHMMMGVKOA,group1
0.3837629823732406,0.0,0.2812373598948357,605,0.0,2024-01-25,signup,6,False,DWYVEJRRSW,group1
0.3837629823732406,0.008390288596797912,0.6093476131054775,611,1.0,2024-01-02,signup,6,True,FFUBCHUAGP,group1
0.15946066912107737,0.37918016575125213,0.7030933997370894,614,1.0,2024-01-14,signup,6,True,JYFIJESLYA,group1
0.271611825747159,0.722871075791887,0.0,616,0.0,2024-01-08,signup,5,False,ZCNHYQKMGM,group1
0.9445187655036485,0.5228201471299707,0.7968391863687013,619,1.0,2024-01-29,signup,2,False,RGKHMWRUXA,group1
0.6080652956254038,0.5020447722652319,0.6562205064212835,624,1.0,2024-01-11,signup,5,True,UGHFDHTXRD,group1
0.6080652956254038,0.6363758369043837,0.04687289331580596,625,0.0,2024-01-17,signup,6,True,RJISFSBNJB,group1
0.047309512494995765,0.5375893712197692,0.18749157326322383,627,1.0,2024-01-10,signup,6,False,RNPBRFDQDX,group1
0.6080652956254038,0.20146626423296166,0.6093476131054775,632,1.0,2024-01-02,signup,5,True,QYTZJRDRIM,group1
0.271611825747159,0.7085850670760663,0.04687289331580596,640,0.0,2024-01-12,signup,6,False,BIHFEVBUIM,group1
0.49591413899932213,0.048418885542600876,0.04687289331580596,642,0.0,2024-01-06,signup,8,True,SSKURYLYZP,group1
0.6080652956254038,0.4280194465462981,0.0,643,0.0,2024-01-24,signup,7,True,GIBIFRRMAT,group1
0.49591413899932213,0.48764717711361527,0.14061867994741786,654,0.0,2024-01-07,signup,3,False,NJXMZWWFIW,group1
0.6080652956254038,0.7216141140865764,0.7968391863687013,658,1.0,2024-01-15,signup,3,True,GVIKENFAAJ,group1
0.3837629823732406,0.35665080454854214,0.5624747197896716,671,1.0,2024-01-28,signup,9,False,VNWHTKCVXP,group1
0.49591413899932213,0.7197377608308102,0.04687289331580596,690,0.0,2024-01-16,signup,9,True,SQNBXJNFSJ,group1
0.271611825747159,0.6348771482848101,0.6562205064212835,698,0.0,2024-01-03,signup,9,False,HMNFUOVOWZ,group1
0.49591413899932213,0.71705018587924,0.04687289331580596,704,0.0,2024-01-27,signup,8,True,FMGLODWJAI,group1
0.15946066912107737,0.2323437408953528,0.0,706,0.0,2024-01-28,signup,3,True,CEDWZBKFLE,group1
0.9999999999999999,0.3647814887121932,0.23436446657902976,708,0.0,2024-01-06,signup,3,True,HINGPSFRDB,group1
0.7202164522514855,0.5185459623430724,0.6562205064212835,710,1.0,2024-01-14,signup,5,True,MTPFPWDOPG,group1
0.7202164522514855,0.39436204729382895,0.37498314652644765,715,1.0,2024-01-29,signup,2,False,PUHGEATEQG,group1
0.3837629823732406,0.8699018066395938,0.14061867994741786,718,0.0,2024-01-17,signup,1,True,XGFYZZUXJR,group1
0.271611825747159,0.5340035449336611,0.7030933997370894,720,1.0,2024-01-19,signup,1,False,HZFVXJXGEL,group1
0.49591413899932213,0.0,0.6562205064212835,723,1.0,2024-01-12,signup,8,False,BBSEAEVOWC,group1
0.49591413899932213,0.5965355946457933,0.37498314652644765,737,1.0,2024-01-03,signup,9,False,GHNCYYMMTP,group1
0.49591413899932213,0.6302979029252489,0.14061867994741786,740,0.0,2024-01-26,signup,9,True,WWXKLNYLDU,group1
0.9445187655036485,0.5138015472873607,0.18749157326322383,741,0.0,2024-01-18,signup,4,True,DIZVUCIXFY,group1
0.271611825747159,0.5625789890982782,0.9843307596319252,745,1.0,2024-01-02,signup,8,False,SPLUQDKFMN,group1
0.832367608877567,0.3432392522167085,0.4687289331580596,758,1.0,2024-01-02,signup,8,True,WYRHXLWMAY,group1
0.15946066912107737,0.28030763973875983,0.7030933997370894,759,1.0,2024-01-15,signup,9,True,WQCXHPIDID,group1
0.3837629823732406,0.29187767964534306,0.14061867994741786,762,0.0,2024-01-03,signup,4,False,AORSCBDFWI,group1
0.3837629823732406,0.5297638782668939,1.0,771,1.0,2024-01-01,signup,3,True,GQAPHMNXBK,group1
0.3837629823732406,0.8198891797925323,0.9374578663161192,774,1.0,2024-01-17,signup,5,False,BZJCNBMXML,group1
0.6080652956254038,0.1473693593639216,0.3281102532106417,776,0.0,2024-01-10,signup,7,True,RDPYIQZBMC,group1
0.6080652956254038,0.5299979055038309,0.6093476131054775,779,1.0,2024-01-08,signup,6,False,MFQNWOZXMS,group1
0.6080652956254038,0.5227242828117675,0.5624747197896716,781,1.0,2024-01-07,signup,1,True,OYYQXPXEKZ,group1
0.49591413899932213,0.6416515443531625,0.5624747197896716,786,1.0,2024-01-31,signup,6,False,HSJVHVITCA,group1
0.7202164522514855,0.6659463863747903,0.5624747197896716,789,1.0,2024-01-01,signup,8,True,JXWKANDJCR,group1
0.3837629823732406,0.5009020021407471,0.8905849730003133,791,1.0,2024-01-03,signup,4,False,RCHBBHXNVX,group1
0.49591413899932213,0.6995192369190599,0.9843307596319252,794,0.0,2024-01-05,signup,5,False,CMNXJCHIIP,group1
0.271611825747159,0.46501117296959293,1.0,797,1.0,2024-01-21,signup,9,True,GDMEBGLZFE,group1
0.7202164522514855,0.8016432918230572,0.9374578663161192,802,1.0,2024-01-08,signup,7,False,LBIFWPYBWF,group1
0.49591413899932213,0.4653468435186747,0.7968391863687013,807,1.0,2024-01-04,signup,5,False,UJKCVSBKNM,group1
0.3837629823732406,0.5578032622754749,1.0,813,1.0,2024-01-28,signup,5,False,IYNCYSMWUV,group1
0.3837629823732406,0.4310516205178603,0.4687289331580596,816,1.0,2024-01-19,signup,9,True,YLCEHNZABA,group1
0.7202164522514855,0.3298290154652932,0.0937457866316119,821,0.0,2024-01-17,signup,2,False,SSZDSRLDJP,group1
0.271611825747159,0.35832786032562236,0.0937457866316119,831,0.0,2024-01-06,signup,1,True,HIGFFFZBXL,group1
0.3837629823732406,0.5600874725514422,0.0937457866316119,835,0.0,2024-01-18,signup,5,False,XOKTNESPEO,group1
0.15946066912107737,0.4777573514969893,0.3281102532106417,836,1.0,2024-01-18,signup,6,True,EJFQSWZBJA,group1
0.49591413899932213,0.6412344189817287,0.7030933997370894,838,1.0,2024-01-10,signup,7,False,VPYDBZVHTE,group1
0.7202164522514855,0.3264710241263362,0.9843307596319252,839,1.0,2024-01-05,signup,5,False,SAAFCDSWCC,group1
0.15946066912107737,0.6886741479060712,0.18749157326322383,842,0.0,2024-01-23,signup,9,True,MHZLKADZAW,group1
0.271611825747159,0.4829047569881175,0.18749157326322383,850,0.0,2024-01-23,signup,2,False,LYWGSLNBTH,group1
0.9999999999999999,1.0000000000000004,0.6562205064212835,860,1.0,2024-01-27,signup,2,False,FOUNMYYFHQ,group1
0.271611825747159,0.2926897499336225,0.23436446657902976,865,1.0,2024-01-06,signup,2,False,YTNTDRSNDE,group1
0.047309512494995765,0.3717065519987255,0.04687289331580596,866,0.0,2024-01-13,signup,2,True,JMTGMQDPTP,group1
0.047309512494995765,0.5451972347711562,0.0937457866316119,870,0.0,2024-01-22,signup,6,False,MHCYGCCQFU,group1
0.6080652956254038,0.9009346964105664,0.0937457866316119,880,0.0,2024-01-27,signup,1,True,TUICNOJJRT,group1
0.832367608877567,0.6479370695178823,0.14061867994741786,883,0.0,2024-01-03,signup,7,False,ACJHDYBUCE,group1
0.49591413899932213,0.0,0.4687289331580596,888,0.0,2024-01-17,signup,3,True,YOBNHOXFYF,group1
0.9999999999999999,0.965947691233505,0.6093476131054775,890,1.0,2024-01-14,signup,5,False,QBKPIJNJYF,group1
0.832367608877567,0.5744507366403235,0.5156018264738655,892,1.0,2024-01-26,signup,2,True,DFSUMGNCSD,group1
0.49591413899932213,0.567107762774651,0.18749157326322383,893,0.0,2024-01-24,signup,4,True,GWNOZVRSRB,group1
0.15946066912107737,0.2406726851818748,0.0937457866316119,895,0.0,2024-01-23,signup,8,True,VWTTZIOENI,group1
0.15946066912107737,0.33235098301636334,0.0,900,0.0,2024-01-27,signup,3,True,XNYHBTBNDJ,group1
0.49591413899932213,0.984224182357218,0.3281102532106417,915,0.0,2024-01-04,signup,1,True,YMFDNPQKIM,group1
0.6080652956254038,0.7233089018440189,0.7030933997370894,919,0.0,2024-01-15,signup,4,True,HJLDOUDXLN,group1
0.49591413899932213,0.578091419243064,0.5624747197896716,921,0.0,2024-01-17,signup,5,True,HHZAADKBJV,group1
0.7202164522514855,0.23010071665688825,0.2812373598948357,923,1.0,2024-01-27,signup,4,True,VFVYNUSVFY,group1
0.271611825747159,0.6390685156386646,0.4687289331580596,926,0.0,2024-01-23,signup,1,False,ENRJFZMQNM,group1
0.3837629823732406,0.3981816853357416,0.7030933997370894,927,1.0,2024-01-16,signup,5,False,PIKNMLKDKF,group1
0.49591413899932213,0.3064537187495331,1.0,928,1.0,2024-01-17,signup,1,True,UXDNPTPECX,group1
0.3837629823732406,0.40959739806604967,0.0,929,0.0,2024-01-14,signup,3,False,RRHIJXCZOY,group1
0.15946066912107737,0.25823175667253295,0.0,934,0.0,2024-01-12,signup,5,True,JHLUZDSKYM,group1
0.49591413899932213,0.30316059996864997,0.0,940,0.0,2024-01-06,signup,7,True,JMOOHGXTWM,group1
0.7202164522514855,0.6935468731507717,0.5156018264738655,941,1.0,2024-01-04,signup,9,False,CNGHVSGEHT,group1
0.3837629823732406,0.40112455679457293,1.0,943,1.0,2024-01-26,signup,4,False,SJGRDZTJOQ,group1
0.3837629823732406,0.08470457895718919,0.5156018264738655,944,0.0,2024-01-23,signup,4,True,AKRULLBMLT,group1
0.832367608877567,0.22282868793380928,0.18749157326322383,945,0.0,2024-01-12,signup,5,True,VRSTCDGDOY,group1
0.832367608877567,0.38120975397944434,0.7968391863687013,946,0.0,2024-01-13,signup,1,True,ZXOFCYLMSV,group1
0.15946066912107737,0.5604313699015688,0.2812373598948357,949,1.0,2024-01-13,signup,5,False,COGAXYVMUI,group1
0.6080652956254038,0.5873126951934382,0.0,952,0.0,2024-01-20,signup,5,False,WWYOUYKKUS,group1
0.49591413899932213,0.17255202016599291,0.04687289331580596,957,0.0,2024-01-18,signup,2,True,TTVFUYMIVE,group1
0.3837629823732406,0.686880666396338,0.0937457866316119,958,0.0,2024-01-27,signup,5,False,QESSCBULEN,group1
0.6080652956254038,0.4549264098134187,0.0937457866316119,960,0.0,2024-01-29,signup,9,True,KSKDFVQOHW,group1
0.271611825747159,0.5060484275486514,0.04687289331580596,969,0.0,2024-01-15,signup,5,False,XFRFGSVNMA,group1
0.3837629823732406,0.4058430376068629,0.9843307596319252,970,1.0,2024-01-19,signup,2,True,FIRKVYKSOI,group1
0.49591413899932213,0.39470847900614103,0.04687289331580596,973,0.0,2024-01-17,signup,7,True,REBSMLGTTT,group1
0.15946066912107737,0.31269826962410496,0.0937457866316119,974,0.0,2024-01-21,signup,6,True,LJMVWKYUUM,group1
0.3837629823732406,0.7294320871881079,0.0937457866316119,983,0.0,2024-01-01,signup,1,False,TDQIHBITTJ,group1
0.49591413899932213,0.2216892772626431,0.04687289331580596,988,0.0,2024-01-17,signup,7,False,AJNLYNBTPO,group1
0.6080652956254038,0.7001630727269874,0.6093476131054775,993,1.0,2024-01-31,signup,1,False,FLXCREYSVB,group1
0.49591413899932213,0.49275745920223235,0.0,995,0.0,2024-01-15,signup,8,True,DUNFDNCKWM,group1
0.15946066912107737,0.18276099136911972,0.3281102532106417,997,0.0,2024-01-11,signup,4,False,DBMQVILOCG,group1
0.9445187655036485,0.4990218205592223,0.5156018264738655,999,0.0,2024-01-27,signup,6,False,KCOFGBIBCI,group1
0.49591413899932213,0.6175324621495242,1.0,1004,1.0,2024-01-29,signup,5,False,LORDOPYUBO,group1
0.9999999999999999,0.614822208794783,0.18749157326322383,1008,0.0,2024-01-26,signup,9,True,LDOHETXYAD,group1
0.7202164522514855,0.7680512087376292,0.18749157326322383,1009,0.0,2024-01-19,signup,8,True,DTYRGVFMCK,group1
0.3837629823732406,0.8307490462732288,0.04687289331580596,1028,0.0,2024-01-01,signup,6,False,UZLJPVTCXM,group1
0.832367608877567,0.7739004706932908,0.0937457866316119,1036,0.0,2024-01-20,signup,5,True,JGGJJTHPRU,group1
0.6080652956254038,0.6018959433408706,0.04687289331580596,1038,0.0,2024-01-17,signup,7,True,VEHKOTILTM,group1
0.3837629823732406,0.05799424715424362,0.4687289331580596,1052,1.0,2024-01-17,signup,3,True,UBGECTWTRF,group1
0.832367608877567,0.7395538151675418,0.04687289331580596,1057,0.0,2024-01-31,signup,6,True,KYGDUCUWYM,group1
0.49591413899932213,0.2575361338619522,0.3281102532106417,1058,0.0,2024-01-02,signup,1,True,KCYMGBDYSC,group1
0.6080652956254038,0.40767756468493577,0.5624747197896716,1062,1.0,2024-01-17,signup,5,False,QCJVAWYIMF,group1
0.832367608877567,0.5842403617243712,0.14061867994741786,1063,0.0,2024-01-11,signup,2,False,KMFNNCZVER,group1
0.0,0.6524585671261622,0.6562205064212835,1065,1.0,2024-01-10,signup,4,False,RANIYZSKFA,group1
0.9999999999999999,0.440989803133808,0.0937457866316119,1068,0.0,2024-01-28,signup,3,True,FGZUGTGZPZ,group1
0.271611825747159,0.5172159644434289,0.04687289331580596,1070,0.0,2024-01-16,signup,3,False,ACYPUVHSOW,group1
0.3837629823732406,0.46148643803231115,0.04687289331580596,1082,0.0,2024-01-21,signup,4,False,SRCGDDJHBN,group1
0.9999999999999999,0.4252864672913583,0.14061867994741786,1087,0.0,2024-01-15,signup,1,True,NXRPDJYFAM,group1
0.3837629823732406,0.14313671875253053,0.4687289331580596,1091,1.0,2024-01-12,signup,8,True,XDFBBSBHKN,group1
0.15946066912107737,0.3580840085158825,0.14061867994741786,1092,1.0,2024-01-07,signup,4,True,ASEHVFRQUJ,group1
0.9445187655036485,0.3498508219331753,0.4218560398422536,1093,1.0,2024-01-05,signup,9,False,IIYVSQVHBP,group1
0.15946066912107737,0.039167382635920234,0.04687289331580596,1095,0.0,2024-01-24,signup,9,True,SHKBQTZWSS,group1
0.6080652956254038,0.7835787198207282,0.3281102532106417,1115,1.0,2024-01-31,signup,7,True,MUOQTYXPPH,group1
0.047309512494995765,0.35538458621161917,0.7499662930528953,1117,1.0,2024-01-11,signup,7,True,VCDZUIQOPB,group1
0.3837629823732406,0.5160129650088483,0.6093476131054775,1122,1.0,2024-01-15,signup,3,False,QBSPUXTXAY,group1
0.3837629823732406,0.33168541679842845,0.5624747197896716,1123,1.0,2024-01-13,signup,2,True,VKAYUAPTNB,group1
0.047309512494995765,0.42123028054001255,0.0,1126,0.0,2024-01-14,signup,2,False,BAVWGRIWSQ,group1
0.49591413899932213,0.39764826456887903,0.2812373598948357,1127,0.0,2024-01-21,signup,3,True,ACGNMOMNLJ,group1
0.0,0.0,0.5156018264738655,1134,1.0,2024-01-19,signup,2,False,SUZAZWTDMK,group1
0.3837629823732406,0.7475759514099778,0.0937457866316119,1135,0.0,2024-01-24,signup,7,False,FCVWAEPSKW,group1
0.49591413899932213,0.03524434869335513,0.4218560398422536,1142,1.0,2024-01-25,signup,7,True,NNKEZNVAAB,group1
0.49591413899932213,0.73578908820688,0.5156018264738655,1143,1.0,2024-01-14,signup,5,True,INETGXZCBY,group1
0.832367608877567,0.4689899397196289,0.6093476131054775,1151,1.0,2024-01-24,signup,6,False,SVYESOOFWR,group1
0.271611825747159,0.7268262124760847,0.3281102532106417,1157,1.0,2024-01-08,signup,9,True,IISCHQFBIE,group1
0.6080652956254038,0.6920913981106556,0.0,1169,0.0,2024-01-12,signup,9,True,DABOAFDXJR,group1
0.271611825747159,0.44896111646684345,0.23436446657902976,1174,1.0,2024-01-28,signup,3,True,WUMFFJAHAF,group1
0.6080652956254038,0.0,0.8437120796845072,1176,1.0,2024-01-13,signup,4,False,MVSYMXKJUA,group1
0.49591413899932213,0.44982158964826047,0.0,1194,0.0,2024-01-23,signup,1,False,ITXSZDVKSX,group1
0.271611825747159,0.38208001731794106,0.18749157326322383,1199,0.0,2024-01-16,signup,7,False,DKEZPQOXOA,group1
0.6080652956254038,0.5535183759642526,0.6562205064212835,1200,1.0,2024-01-21,signup,2,True,YPZHPYRBVI,group1
0.271611825747159,0.24868955304520446,0.4687289331580596,1201,0.0,2024-01-08,signup,6,True,KSSUHTGZUS,group1
0.6080652956254038,0.5436977256281841,0.0937457866316119,1202,0.0,2024-01-16,signup,4,True,VAUSUPUYIY,group1
0.271611825747159,0.4408576239905453,0.6093476131054775,1217,1.0,2024-01-17,signup,5,False,INDGXRKGGO,group1
0.271611825747159,0.6843750888891922,0.04687289331580596,1233,0.0,2024-01-03,signup,7,True,WVMKZTSFEG,group1
0.3837629823732406,0.4711050552584277,0.0,1237,0.0,2024-01-02,signup,4,False,SGSVVPUTKS,group1
0.6080652956254038,0.5070700180303844,0.23436446657902976,1241,1.0,2024-01-22,signup,7,False,KUBWYHOHAV,group1
0.3837629823732406,0.3861393915039164,0.6562205064212835,1248,1.0,2024-01-23,signup,3,False,PGKBCBGCPG,group1
0.15946066912107737,0.7039706830206036,0.14061867994741786,1258,0.0,2024-01-14,signup,5,False,ZANROXSCOM,group1
0.3837629823732406,0.5163570541880271,0.6093476131054775,1261,1.0,2024-01-30,signup,9,False,PYINSEVNMD,group1
0.6080652956254038,0.32577416536977477,0.0,1266,0.0,2024-01-01,signup,1,False,EQRVZDGWUM,group1
0.7202164522514855,0.8927112302763338,0.9374578663161192,1269,0.0,2024-01-24,signup,1,True,WKUVKBVOSO,group1
0.15946066912107737,0.3662959556779479,0.7030933997370894,1270,1.0,2024-01-10,signup,1,False,SOFZTOQUHE,group1
0.7202164522514855,0.4691190274366597,0.18749157326322383,1281,1.0,2024-01-20,signup,7,True,RCIZKXBUZU,group1
0.9445187655036485,0.48265746614510885,0.6093476131054775,1285,1.0,2024-01-30,signup,7,True,ALBWFMQLGR,group1
0.6080652956254038,0.532283430501491,0.14061867994741786,1289,0.0,2024-01-03,signup,5,True,IAIVQNXLUW,group1
0.7202164522514855,0.3582648506674917,0.0,1290,0.0,2024-01-11,signup,3,True,DTTDQXBCPA,group1
0.832367608877567,0.7552525956753091,0.18749157326322383,1291,0.0,2024-01-25,signup,6,False,OYBLICUQXU,group1
0.271611825747159,0.6254359300678924,0.5156018264738655,1292,1.0,2024-01-10,signup,2,True,BOHKVNEGOJ,group1
0.15946066912107737,0.3377341328805863,0.18749157326322383,1297,0.0,2024-01-21,signup,2,False,EVTHGZMFAZ,group1
0.047309512494995765,0.2821821287860611,0.3281102532106417,1300,0.0,2024-01-30,signup,4,False,CHQHMZZKDQ,group1
0.49591413899932213,0.6825830720025068,0.2812373598948357,1302,0.0,2024-01-12,signup,6,True,YOLODVDAVI,group1
0.271611825747159,0.8993604609144201,0.4687289331580596,1304,1.0,2024-01-09,signup,3,True,PUWIJTDZSG,group1
0.9999999999999999,0.49101004483523036,0.37498314652644765,1305,1.0,2024-01-25,signup,2,False,VDEQNVNZEU,group1
0.832367608877567,0.6410719079561562,0.7499662930528953,1306,1.0,2024-01-14,signup,3,False,CTQRHKUXCW,group1
0.15946066912107737,0.7634425639313291,0.7030933997370894,1311,1.0,2024-01-31,signup,4,False,QUFLAXZPQD,group1
0.49591413899932213,0.43929188967337884,0.6562205064212835,1313,1.0,2024-01-05,signup,2,True,QINUVSMRGV,group1
0.49591413899932213,0.5313003538058729,0.3281102532106417,1315,1.0,2024-01-31,signup,5,False,SZYZIOBWSP,group1
0.9445187655036485,0.43491046328640515,0.9843307596319252,1317,1.0,2024-01-18,signup,2,True,CFYSGXNLBM,group1
0.3837629823732406,0.6693693479561817,0.6093476131054775,1322,1.0,2024-01-18,signup,4,True,RSIFJSLTFF,group1
0.6080652956254038,0.5850443153752249,0.04687289331580596,1325,0.0,2024-01-27,signup,9,False,EBAGMAMOTW,group1
0.3837629823732406,0.468974652334762,0.6093476131054775,1331,1.0,2024-01-01,signup,4,False,ZHKJDKEPON,group1
0.3837629823732406,0.29707970013208973,0.0,1336,0.0,2024-01-06,signup,4,True,ZCSGTZPNDP,group1
0.49591413899932213,0.745981201590189,0.04687289331580596,1340,0.0,2024-01-31,signup,9,False,ETLTEZOQWY,group1
0.49591413899932213,0.5061574671859841,0.4687289331580596,1344,1.0,2024-01-16,signup,7,False,ESNGKFMALU,group1
0.9445187655036485,0.9086834256564553,0.6093476131054775,1345,0.0,2024-01-05,signup,4,False,XMAQJUOCAK,group1
0.832367608877567,0.5212557411107306,0.37498314652644765,1360,1.0,2024-01-31,signup,3,False,DVSBBUVEEX,group1
0.15946066912107737,0.5337957385810803,0.5624747197896716,1363,1.0,2024-01-25,signup,6,True,WQGDNPLCNO,group1
0.3837629823732406,0.5212211920470575,0.8437120796845072,1368,0.0,2024-01-21,signup,3,False,SKQKCUPFYQ,group1
0.7202164522514855,0.5332202257214389,0.14061867994741786,1383,0.0,2024-01-07,signup,5,True,QMHHXJANXT,group1
0.6080652956254038,0.7640736244088693,0.23436446657902976,1385,0.0,2024-01-04,signup,4,False,NLIGDSPZTV,group1
0.271611825747159,0.2944357928477426,0.18749157326322383,1386,1.0,2024-01-21,signup,9,True,LHJZICTNCM,group1
0.7202164522514855,0.8185478858765518,0.3281102532106417,1395,1.0,2024-01-09,signup,2,True,PKPIMJZVJJ,group1
0.6080652956254038,0.2640011838991181,0.18749157326322383,1397,0.0,2024-01-21,signup,5,False,MWNFQXMJPB,group1
0.3837629823732406,0.6664794338156961,0.14061867994741786,1398,1.0,2024-01-18,signup,2,False,MMKBBVBXCB,group1
0.15946066912107737,0.7224120395911937,0.8905849730003133,1399,1.0,2024-01-15,signup,8,False,OQFXYVYAUW,group1
0.7202164522514855,0.5299243799113991,0.0,1400,0.0,2024-01-15,signup,7,True,EIUQUSIAUQ,group1
0.3837629823732406,0.5345422422677717,0.4218560398422536,1401,0.0,2024-01-06,signup,8,False,XKVXTLPTCR,group1
0.6080652956254038,0.2822067475548846,0.0,1411,0.0,2024-01-17,signup,1,True,YDXMYVNMDR,group1
0.271611825747159,0.9506511845055399,0.5156018264738655,1414,1.0,2024-01-28,signup,6,False,JOUFDIXAWH,group1
0.3837629823732406,0.2993673371650867,0.14061867994741786,1416,0.0,2024-01-04,signup,5,False,VBIVRLQJLG,group1
0.9445187655036485,0.5089146044155184,0.3281102532106417,1417,0.0,2024-01-29,signup,5,True,ONMQDPSNHK,group1
0.3837629823732406,0.45355861312310264,0.7499662930528953,1419,1.0,2024-01-15,signup,1,False,NJTOBJPQRR,group1
0.15946066912107737,0.30813261455072505,1.0,1429,1.0,2024-01-26,signup,2,False,RSNOQDEAFR,group1
0.6080652956254038,0.5187519702260532,0.18749157326322383,1430,0.0,2024-01-19,signup,4,False,WQNARHEDIF,group1
0.49591413899932213,0.2634127759001412,0.4218560398422536,1436,0.0,2024-01-16,signup,1,True,MHRMRCHOJZ,group1
0.49591413899932213,0.43388925051609917,0.14061867994741786,1443,0.0,2024-01-28,signup,6,True,BBVQLLAFLU,group1
0.3837629823732406,0.0,0.8905849730003133,1444,1.0,2024-01-22,signup,3,False,FJPJGMJRGE,group1
0.9999999999999999,0.0,0.6562205064212835,1453,1.0,2024-01-27,signup,8,False,HYAKHILAAG,group1
0.3837629823732406,0.5515641488266878,0.0937457866316119,1458,0.0,2024-01-24,signup,2,False,CPOMUHDNVW,group1
0.49591413899932213,0.7386144936668981,0.6562205064212835,1468,1.0,2024-01-04,signup,1,True,UOPIHAFHRC,group1
0.7202164522514855,0.2973225272556461,0.14061867994741786,1474,0.0,2024-01-15,signup,4,False,YETRUHPMJA,group1
0.3837629823732406,0.5588082164082597,0.37498314652644765,1480,1.0,2024-01-06,signup,6,False,IFFABNDVAR,group1
0.15946066912107737,0.3549066017115039,0.0937457866316119,1489,0.0,2024-01-29,signup,4,False,YDOGOCUAPP,group1
0.271611825747159,1.0000000000000004,0.4218560398422536,1492,0.0,2024-01-14,signup,1,False,ECSQVRZSXB,group1
0.6080652956254038,0.33852945715985916,0.0,1493,0.0,2024-01-24,signup,2,True,CZZOSZWVNK,group1
0.49591413899932213,0.4477107530074558,0.23436446657902976,1496,1.0,2024-01-10,signup,2,True,OYFJYAGYQU,group1
0.49591413899932213,0.5467292337327874,1.0,1500,1.0,2024-01-14,signup,8,False,WPAJQHLSUR,group1
0.7202164522514855,0.3588587253684281,0.4687289331580596,1501,0.0,2024-01-04,signup,8,True,PTLMVEZHEY,group1
0.047309512494995765,0.9960896959580441,0.04687289331580596,1502,0.0,2024-01-10,signup,3,True,DECGSJHVOT,group1
0.7202164522514855,0.42591144591959607,0.8905849730003133,1506,1.0,2024-01-23,signup,5,False,MWRMPBDBFY,group1
0.832367608877567,0.10955261821312767,0.14061867994741786,1513,0.0,2024-01-09,signup,6,False,VPNYVMTMDF,group1
0.49591413899932213,0.0,0.04687289331580596,1514,0.0,2024-01-15,signup,5,True,DESIMKOMNP,group1
0.6080652956254038,0.3362905105966938,0.8437120796845072,1516,1.0,2024-01-30,signup,1,True,RUYGZYNESD,group1
0.047309512494995765,0.0,0.6093476131054775,1518,0.0,2024-01-20,signup,8,True,YXZBNNGYQV,group1
0.271611825747159,0.7556236717582583,0.8437120796845072,1521,1.0,2024-01-18,signup,7,True,BOEUIUJQED,group1
0.49591413899932213,0.22533236372283882,0.3281102532106417,1523,0.0,2024-01-23,signup,9,True,GQXXGOMICE,group1
0.6080652956254038,0.6869561073655452,0.3281102532106417,1524,0.0,2024-01-12,signup,2,False,GRJODJJLAI,group1
0.832367608877567,0.260468900614907,0.0937457866316119,1526,0.0,2024-01-21,signup,1,True,ZRAEEGVMQR,group1
0.15946066912107737,0.6365227704491612,0.3281102532106417,1528,1.0,2024-01-26,signup,3,True,ABVBRHFQEU,group1
0.15946066912107737,0.3942523523620114,1.0,1529,1.0,2024-01-08,signup,3,False,GMWEVUCQOA,group1
0.7202164522514855,0.38329071934806525,1.0,1532,1.0,2024-01-02,signup,8,True,RUBEYQCJBJ,group1
0.6080652956254038,0.4382165096403279,0.23436446657902976,1537,1.0,2024-01-04,signup,5,True,YACPQUXEWT,group1
0.3837629823732406,0.633067554557122,0.4687289331580596,1539,1.0,2024-01-23,signup,8,False,RQFFFUVVSE,group1
0.271611825747159,0.7327793881567213,0.14061867994741786,1543,0.0,2024-01-13,signup,1,False,ZCYZOTHJAE,group1
0.047309512494995765,0.4118195639406088,0.5624747197896716,1546,1.0,2024-01-13,signup,2,False,TGZHTOOPYP,group1
0.49591413899932213,0.7794214467291938,0.9843307596319252,1547,1.0,2024-01-01,signup,9,False,WDRORMPQQM,group1
0.271611825747159,0.653947985869594,0.8905849730003133,1549,1.0,2024-01-07,signup,5,True,VGRTXESVAH,group1
0.832367608877567,0.5955194308093663,0.9843307596319252,1553,1.0,2024-01-15,signup,3,False,VXIOAQCPBJ,group1
0.832367608877567,0.0,0.18749157326322383,1560,0.0,2024-01-16,signup,6,True,YIRZRYJTJX,group1
0.3837629823732406,0.19648295851225006,0.0937457866316119,1561,0.0,2024-01-17,signup,9,False,LYBRITTTHJ,group1
0.271611825747159,1.0000000000000004,0.5624747197896716,1562,1.0,2024-01-24,signup,9,False,XCESINRFTX,group1
0.3837629823732406,0.1319387045348268,0.7030933997370894,1564,1.0,2024-01-03,signup,5,False,RKVZVERVXV,group1
0.6080652956254038,0.468299539362393,0.23436446657902976,1579,1.0,2024-01-20,signup,5,True,FKJLVDJFBH,group1
0.49591413899932213,0.4872749461751673,0.14061867994741786,1580,0.0,2024-01-15,signup,3,True,HFKGKUVHCG,group1
0.7202164522514855,0.47527478385154787,0.04687289331580596,1583,0.0,2024-01-16,signup,2,False,MPIVSIEJIZ,group1
0.7202164522514855,0.4245006003210916,0.04687289331580596,1588,0.0,2024-01-19,signup,9,False,XPQUCNXGBX,group1
0.3837629823732406,0.564139909309711,0.0937457866316119,1596,0.0,2024-01-31,signup,5,True,UPELAESVFE,group1
0.271611825747159,0.5073252404291799,0.0,1598,0.0,2024-01-28,signup,3,True,KIZJFMPBXR,group1
0.15946066912107737,0.49958149791703255,1.0,1615,1.0,2024-01-03,signup,9,True,DBNPTKRCHC,group1
0.6080652956254038,0.665440948693838,0.8905849730003133,1618,1.0,2024-01-13,signup,1,False,LYQTAAZWDC,group1
0.3837629823732406,0.34975631976394705,0.4218560398422536,1622,1.0,2024-01-06,signup,3,False,HXRSEUHHLY,group1
0.3837629823732406,0.6577810551974492,0.8437120796845072,1627,1.0,2024-01-08,signup,4,False,IVBBJUMUZH,group1
0.3837629823732406,0.6996071927128242,0.23436446657902976,1629,0.0,2024-01-13,signup,8,True,MEMJQUGZLG,group1
0.7202164522514855,0.3142804337904548,0.18749157326322383,1631,0.0,2024-01-05,signup,5,False,BZPNZECNBF,group1
0.6080652956254038,0.12601717747224273,0.4687289331580596,1632,1.0,2024-01-29,signup,4,False,NXZQXXWHZM,group1
0.047309512494995765,0.6678513841431633,0.23436446657902976,1636,0.0,2024-01-03,signup,6,False,XFPOXGFHQY,group1
0.3837629823732406,0.6897363348759575,0.5624747197896716,1642,1.0,2024-01-11,signup,5,False,BMTIJIHXDF,group1
0.7202164522514855,0.04238204295647874,0.7968391863687013,1647,1.0,2024-01-12,signup,8,True,JXBHOLPLQA,group1
0.3837629823732406,0.45170050523923866,0.04687289331580596,1653,0.0,2024-01-20,signup,9,True,BCSMSZZGRV,group1
0.3837629823732406,0.36713621002160224,0.9374578663161192,1656,1.0,2024-01-17,signup,6,False,XACONSTNWH,group1
0.3837629823732406,0.5245182147085146,0.7030933997370894,1657,0.0,2024-01-03,signup,2,True,IDXEYODXHJ,group1
0.6080652956254038,0.47862418902674353,0.18749157326322383,1661,1.0,2024-01-23,signup,4,False,JGMBJYOGLP,group1
0.047309512494995765,0.5362904637455044,0.6093476131054775,1663,0.0,2024-01-17,signup,7,True,OHQQCGFJLY,group1
0.49591413899932213,0.13711916602973728,0.7499662930528953,1672,1.0,2024-01-19,signup,1,False,UKOCNMXYTV,group1
0.3837629823732406,0.3240271016605898,0.0,1675,0.0,2024-01-30,signup,3,False,LUDOOIRVBJ,group1
0.6080652956254038,0.7848508019612495,0.6093476131054775,1677,0.0,2024-01-23,signup,9,True,YDQSDEDFYL,group1
0.832367608877567,0.2483286817614645,0.14061867994741786,1678,0.0,2024-01-14,signup,8,False,CQOGTSRHCK,group1
0.271611825747159,0.39543360842791797,0.7030933997370894,1682,1.0,2024-01-27,signup,4,True,MRFCPRUMCU,group1
0.15946066912107737,0.4836038538566716,0.7968391863687013,1685,1.0,2024-01-09,signup,4,True,ELHBMLSTMV,group1
0.9445187655036485,0.4442865738885704,0.37498314652644765,1688,1.0,2024-01-10,signup,6,True,OJPRHVFYBS,group1
0.6080652956254038,0.9945625480509483,0.0,1704,0.0,2024-01-10,signup,6,False,QLSPILCLFM,group1
0.49591413899932213,0.28070077289636286,0.18749157326322383,1706,1.0,2024-01-18,signup,1,False,ZTDOOARFJJ,group1
0.271611825747159,0.837974742715466,0.5156018264738655,1709,1.0,2024-01-28,signup,8,False,RGKVJTEFWA,group1
0.7202164522514855,0.3140068240852294,0.04687289331580596,1713,0.0,2024-01-04,signup,6,False,CMKJNOOXVB,group1
0.3837629823732406,0.7956365202599156,0.04687289331580596,1722,0.0,2024-01-21,signup,7,False,None,group1
0.7202164522514855,0.5985292041908714,0.04687289331580596,1723,0.0,2024-01-02,signup,5,True,YMLKEECUNC,group1
0.3837629823732406,0.762307097298716,0.4687289331580596,1731,1.0,2024-01-08,signup,7,True,EEFPHWMQCP,group1
0.047309512494995765,0.19463896228436273,0.7968391863687013,1735,1.0,2024-01-29,signup,3,True,LRRNQZHZPW,group1
0.3837629823732406,0.0,0.0,1739,0.0,2024-01-31,signup,4,True,XSWOEMOKDC,group1
0.271611825747159,0.4656511574224411,0.9843307596319252,1740,1.0,2024-01-17,signup,4,True,RRVZREBVEO,group1
0.7202164522514855,0.5307139704536121,0.5624747197896716,1741,1.0,2024-01-09,signup,4,True,CGRPMCTXGI,group1
0.9445187655036485,0.49616836139173737,0.3281102532106417,1744,0.0,2024-01-14,signup,3,True,BHKTGWTMNB,group1
0.6080652956254038,0.6467558809240463,0.0,1747,0.0,2024-01-17,signup,2,False,FHJSPNAAPM,group1
0.3837629823732406,0.3568984521390024,0.7499662930528953,1750,1.0,2024-01-05,signup,7,True,WIFFOMLILV,group1
0.3837629823732406,0.28402400423004037,0.6562205064212835,1758,0.0,2024-01-22,signup,9,False,ZYMJVDMGZY,group1
0.832367608877567,0.578292735324188,0.3281102532106417,1761,1.0,2024-01-20,signup,2,False,QADSYOWCAL,group1
0.271611825747159,0.3749965322978648,0.0,1764,0.0,2024-01-23,signup,4,True,QAEZJOBRYA,group1
0.9999999999999999,0.8841731425326373,0.0937457866316119,1768,0.0,2024-01-06,signup,5,False,HWDDRWHCTP,group1
0.9445187655036485,0.5652189248252637,0.7030933997370894,1772,1.0,2024-01-28,signup,9,False,RMJJJGRXKK,group1
0.3837629823732406,0.5571484038888905,1.0,1776,1.0,2024-01-24,signup,7,True,SNJWFDZFVA,group1
0.3837629823732406,0.3313085703017924,0.0937457866316119,1777,0.0,2024-01-31,signup,2,True,CXPYJCJUWP,group1
0.271611825747159,0.7539881896713436,0.18749157326322383,1778,0.0,2024-01-20,signup,4,False,XLLBMYRTKT,group1
0.15946066912107737,0.8399648722241593,0.04687289331580596,1782,0.0,2024-01-19,signup,6,True,JHKZGNYHBY,group1
0.3837629823732406,0.9084134646235342,0.6093476131054775,1784,1.0,2024-01-08,signup,9,False,VYCFXBNCAN,group1
0.7202164522514855,0.06479333064071247,0.7968391863687013,1787,1.0,2024-01-04,signup,7,False,RFDEWSCEGC,group1
0.49591413899932213,0.5479663845393747,0.6562205064212835,1805,1.0,2024-01-24,signup,2,True,FSNNRUBSRQ,group1
0.832367608877567,0.7867458144916926,0.14061867994741786,1809,0.0,2024-01-23,signup,8,False,VGFGAEHIDL,group1
0.7202164522514855,0.29818036278767535,0.37498314652644765,1811,1.0,2024-01-10,signup,6,True,YMCVHZEBPP,group1
0.9445187655036485,0.16495864923050352,0.5624747197896716,1812,0.0,2024-01-18,signup,9,True,VRTMBXAOOI,group1
0.3837629823732406,0.8019346979320874,0.5624747197896716,1818,1.0,2024-01-06,signup,3,False,KRQIVZIHFU,group1
0.3837629823732406,0.7518929583605587,0.23436446657902976,1819,0.0,2024-01-27,signup,8,False,QRYEBMBBKK,group1
0.3837629823732406,0.6558231572254383,0.4218560398422536,1823,1.0,2024-01-26,signup,6,False,OKWWIRZAYV,group1
0.832367608877567,0.7704264938273147,0.5624747197896716,1825,1.0,2024-01-05,signup,2,False,EXBZLLJMUR,group1
0.6080652956254038,0.06309372119700196,0.7030933997370894,1828,1.0,2024-01-13,signup,5,True,ZIAVCDMTEQ,group1
0.7202164522514855,0.19198984643752048,0.18749157326322383,1829,0.0,2024-01-14,signup,4,False,DOKJWLIUTG,group1
0.3837629823732406,0.16442722336587323,0.9843307596319252,1831,1.0,2024-01-16,signup,8,False,YLDXHPXGGK,group1
0.6080652956254038,0.7381896356321489,0.0,1837,0.0,2024-01-22,signup,5,False,WPIBIYUVPB,group1
0.49591413899932213,1.0000000000000004,0.6562205064212835,1838,1.0,2024-01-02,signup,4,False,OKXYVHEARF,group1
0.6080652956254038,0.7619857814744329,0.0937457866316119,1842,0.0,2024-01-03,signup,1,True,KNTGMSZSYJ,group1
0.49591413899932213,0.43200395675834447,0.4687289331580596,1856,1.0,2024-01-21,signup,3,False,YTJRIQLIZD,group1
0.6080652956254038,0.9213000456000864,0.5624747197896716,1858,1.0,2024-01-25,signup,6,False,GSXSVCJTHZ,group1
0.3837629823732406,0.40556369632589995,0.7030933997370894,1859,1.0,2024-01-25,signup,5,True,RAVORCNJIV,group1
0.0,0.594706317637923,0.04687289331580596,1867,0.0,2024-01-22,signup,5,True,FEPJKOOKKW,group1
0.9445187655036485,0.10032163862026033,0.4687289331580596,1869,1.0,2024-01-04,signup,1,True,WZVVXMRKYV,group1
0.3837629823732406,0.4722651790210963,0.4687289331580596,1877,1.0,2024-01-21,signup,7,True,XCUTDIQPIM,group1
0.832367608877567,0.6564983491057403,0.0,1891,0.0,2024-01-23,signup,4,False,WHFJUTFIDR,group1
0.6080652956254038,0.42781216363208063,0.18749157326322383,1893,0.0,2024-01-13,signup,6,True,XBXYJJZTAH,group1
0.3837629823732406,0.6316098299794524,0.6093476131054775,1896,1.0,2024-01-16,signup,1,False,ETGKGETTMD,group1
0.3837629823732406,0.6362318524977186,0.7499662930528953,1899,1.0,2024-01-09,signup,5,True,LSNPONBOHB,group1
0.49591413899932213,0.05948413751367321,0.6093476131054775,1900,1.0,2024-01-11,signup,7,True,FDHWOIHKSQ,group1
0.9999999999999999,0.7589864429534119,0.0937457866316119,1901,0.0,2024-01-25,signup,3,True,YSWIFQYNKI,group1
0.3837629823732406,0.2116761854512479,0.4687289331580596,1902,1.0,2024-01-26,signup,6,False,YNPZDUBQMI,group1
0.49591413899932213,0.4430993733637667,0.23436446657902976,1913,0.0,2024-01-18,signup,2,False,FPCEEDREUA,group1
0.271611825747159,0.36175020717188433,0.37498314652644765,1918,0.0,2024-01-13,signup,4,True,RMLYHTQODI,group1
0.047309512494995765,0.6198524338977007,0.0,1919,0.0,2024-01-07,signup,9,False,MELNYFJEGF,group1
0.832367608877567,0.43339419496934317,0.9843307596319252,1920,1.0,2024-01-19,signup,6,True,BSPVRFJUIZ,group1
0.49591413899932213,0.655975257571725,0.5624747197896716,1931,1.0,2024-01-29,signup,8,False,XTTSRPLQSZ,group1
0.3837629823732406,0.27039948369790645,0.7499662930528953,1933,1.0,2024-01-10,signup,1,True,AOHSFVONKA,group1
0.49591413899932213,0.631604412522647,0.3281102532106417,1938,0.0,2024-01-09,signup,2,True,AVEFHMGARP,group1
0.6080652956254038,0.09596633808410848,0.4218560398422536,1939,0.0,2024-01-06,signup,9,False,SEHJHNPOPG,group1
0.9445187655036485,0.18794503933861328,0.23436446657902976,1940,0.0,2024-01-08,signup,6,False,SXWSLWONYZ,group1
0.832367608877567,0.352610056841157,0.37498314652644765,1943,1.0,2024-01-08,signup,3,True,UDJWAFZMTV,group1
0.6080652956254038,1.0000000000000004,0.18749157326322383,1944,1.0,2024-01-12,signup,6,True,BVVFJGRFTI,group1
0.271611825747159,0.1602573564473273,0.14061867994741786,1949,0.0,2024-01-19,signup,3,True,YZOZRBDXGB,group1
0.7202164522514855,0.12945957125963803,0.6093476131054775,1962,1.0,2024-01-20,signup,1,True,IFNGRTLECD,group1
0.832367608877567,0.41239863858437076,0.4218560398422536,1964,1.0,2024-01-31,signup,9,True,KLVZJJMJQX,group1
0.9999999999999999,0.7315036215225046,0.3281102532106417,1966,0.0,2024-01-25,signup,7,False,BHMDIOJTFQ,group1
0.6080652956254038,0.3672027892115399,0.0,1987,0.0,2024-01-16,signup,6,False,TXJIXBWONY,group1
0.3837629823732406,0.06538896469595068,0.5156018264738655,1989,1.0,2024-01-26,signup,1,True,KBERHWKHPX,group1
0.49591413899932213,0.7888600127645686,0.0,2013,0.0,2024-01-17,signup,4,False,YDLEBDPLGS,group1
0.7202164522514855,0.5796055491948833,0.04687289331580596,2015,0.0,2024-01-18,signup,1,False,FESGXOUUKL,group1
0.3837629823732406,0.6496587041943864,0.6093476131054775,2019,1.0,2024-01-27,signup,1,True,PUNAPSGUSS,group1
0.15946066912107737,0.413434377404609,0.23436446657902976,2024,0.0,2024-01-20,signup,7,False,JGKHZBJVGN,group1
0.49591413899932213,0.756313862395344,0.7499662930528953,2026,1.0,2024-01-16,signup,3,False,FKIVNZSVAU,group1
0.3837629823732406,0.45870728364768976,0.23436446657902976,2043,0.0,2024-01-17,signup,2,False,KSFBYVAFBQ,group1
0.7202164522514855,0.9445711204594374,0.04687289331580596,2046,0.0,2024-01-07,signup,9,False,PWDVEYRCEJ,group1
0.3837629823732406,0.6276025184093501,0.5156018264738655,2054,1.0,2024-01-04,signup,6,False,OROXPZZUVZ,group1
0.3837629823732406,0.4212701895986135,0.4687289331580596,2059,1.0,2024-01-12,signup,5,False,FBXSBQDBDE,group1
0.6080652956254038,0.5051185154907869,0.4687289331580596,2062,1.0,2024-01-15,signup,1,True,LFLZOXAMJE,group1
0.3837629823732406,0.7119302009283976,0.14061867994741786,2064,0.0,2024-01-07,signup,4,True,GXPZDDWDVT,group1
0.15946066912107737,0.6013334092252793,0.23436446657902976,2070,1.0,2024-01-21,signup,1,False,SJAPYDZGDV,group1
0.15946066912107737,0.12543176858287142,0.04687289331580596,2072,0.0,2024-01-14,signup,8,False,FMSHKPMNUT,group1
0.271611825747159,0.36311471000341466,0.2812373598948357,2073,1.0,2024-01-04,signup,8,True,VFOKVUEWNV,group1
0.6080652956254038,0.46436408138664254,0.7968391863687013,2074,1.0,2024-01-05,signup,3,False,HOJWGSWIGX,group1
0.15946066912107737,0.6906107328072681,0.7968391863687013,2089,0.0,2024-01-21,signup,1,True,WZKHEMBXFN,group1
0.15946066912107737,0.46583372127440015,0.3281102532106417,2104,1.0,2024-01-02,signup,4,False,BOWBRMAGUR,group1
0.49591413899932213,0.459887770526092,0.8905849730003133,2107,1.0,2024-01-14,signup,2,True,XOVJNQKNMH,group1
0.49591413899932213,0.2643785638344638,0.04687289331580596,2108,0.0,2024-01-25,signup,1,False,CIDTDILZFD,group1
0.047309512494995765,0.5902893892845849,0.0937457866316119,2110,0.0,2024-01-22,signup,6,True,JQBLPRAMCL,group1
0.271611825747159,0.46284448776729237,0.5156018264738655,2111,0.0,2024-01-08,signup,8,True,BNSNYCLELS,group1
0.271611825747159,0.2328205800610439,0.0,2112,0.0,2024-01-25,signup,2,True,PZZGLQJFPD,group1
0.7202164522514855,0.26804098300419055,0.5624747197896716,2114,1.0,2024-01-13,signup,2,False,SUJXJJNHSY,group1
0.6080652956254038,0.5074324577372313,0.37498314652644765,2115,0.0,2024-01-08,signup,5,True,YHQRIVNDFA,group1
0.49591413899932213,0.6596251620543647,1.0,2121,1.0,2024-01-13,signup,3,False,DQYNCFTLGX,group1
0.047309512494995765,0.6184546557156789,0.37498314652644765,2123,0.0,2024-01-08,signup,1,True,TIHKOAMSAF,group1
0.49591413899932213,0.7773960030998954,0.4687289331580596,2134,1.0,2024-01-27,signup,9,True,VABPPLPKBI,group1
0.15946066912107737,0.5511427808214955,0.04687289331580596,2138,0.0,2024-01-08,signup,2,True,UUQLDYXWJR,group1
0.6080652956254038,0.25799928398036664,0.8905849730003133,2141,1.0,2024-01-21,signup,4,False,KXQXBESOUT,group1
0.49591413899932213,0.6662759348787404,0.3281102532106417,2149,1.0,2024-01-07,signup,8,False,PGFYUQAZDS,group1
0.3837629823732406,0.3449352964875274,0.0,2150,0.0,2024-01-28,signup,8,True,OIFJMJRBRM,group1
0.49591413899932213,0.0,0.6562205064212835,2153,1.0,2024-01-11,signup,9,False,OZKIVDLZSN,group1
0.7202164522514855,0.16853856481550977,0.0937457866316119,2156,0.0,2024-01-18,signup,5,False,WEGVRIRPQK,group1
0.3837629823732406,0.4638031338182147,0.6562205064212835,2159,1.0,2024-01-23,signup,2,False,IMWPZUHTKZ,group1
0.3837629823732406,0.6786554210794105,0.0937457866316119,2171,0.0,2024-01-15,signup,5,True,CYLYITSAQY,group1
0.271611825747159,0.5801326814702428,0.14061867994741786,2172,0.0,2024-01-14,signup,5,True,COOSDUFZWH,group1
0.49591413899932213,0.7490015469343749,0.3281102532106417,2175,1.0,2024-01-24,signup,8,True,TPRJOSVDOY,group1
0.271611825747159,0.5454858554531428,0.04687289331580596,2181,0.0,2024-01-04,signup,7,False,VHIAQAURPA,group1
0.9999999999999999,0.5616551446678297,0.7499662930528953,2186,1.0,2024-01-11,signup,4,False,CBIBPLRFWO,group1
0.832367608877567,0.25077067355746285,0.4687289331580596,2191,1.0,2024-01-07,signup,1,True,YIOTJVIGUL,group1
0.271611825747159,0.7825609787363379,0.23436446657902976,2192,1.0,2024-01-10,signup,2,False,ABYRDNVMHG,group1
0.6080652956254038,0.7791602231050492,0.04687289331580596,2194,0.0,2024-01-01,signup,7,True,WLOPUUZXTP,group1
0.7202164522514855,0.35049072709416107,0.5156018264738655,2199,0.0,2024-01-04,signup,3,True,SJSCXVUKHH,group1
0.49591413899932213,0.2173568976852902,0.14061867994741786,2206,0.0,2024-01-31,signup,5,False,TXANXRSAOU,group1
0.6080652956254038,0.6701936905666939,0.14061867994741786,2215,0.0,2024-01-12,signup,6,False,MJAGJCZATH,group1
0.271611825747159,0.3396246818096338,0.0937457866316119,2217,0.0,2024-01-31,signup,4,False,YHTRFQBWHB,group1
0.832367608877567,0.5105109641997543,0.6562205064212835,2235,1.0,2024-01-17,signup,7,True,IWEFHWEQOD,group1
0.6080652956254038,0.45535710656566675,0.18749157326322383,2237,0.0,2024-01-06,signup,2,True,KKVQPUBEJX,group1
0.9999999999999999,0.3496225271473863,0.0937457866316119,2250,0.0,2024-01-02,signup,7,False,ZJXCKBOQME,group1
0.3837629823732406,0.4877001262900369,0.37498314652644765,2256,1.0,2024-01-27,signup,7,True,ZBCTHMSRLX,group1
0.832367608877567,0.5882920557565203,0.4687289331580596,2257,0.0,2024-01-28,signup,2,False,IUSXUOUNSQ,group1
0.832367608877567,0.4692417400718143,0.04687289331580596,2268,0.0,2024-01-21,signup,9,True,JSZCGIXSYF,group1
0.9999999999999999,0.05918865386933403,0.5156018264738655,2276,1.0,2024-01-19,signup,2,False,QRUPRXHLHK,group1
0.271611825747159,0.7325458031263432,0.23436446657902976,2279,0.0,2024-01-28,signup,3,False,FFECHHDHAI,group1
0.49591413899932213,0.2999301797912728,0.5156018264738655,2289,0.0,2024-01-09,signup,4,True,KEXPNQWDAB,group1
0.7202164522514855,0.7137467934919641,0.3281102532106417,2290,1.0,2024-01-07,signup,1,False,IRXMJUFMIP,group1
0.832367608877567,0.1240076387008835,0.14061867994741786,2295,0.0,2024-01-19,signup,9,False,DMIUYWKJSQ,group1
0.271611825747159,0.4286010778034992,0.18749157326322383,2296,0.0,2024-01-28,signup,7,True,KFIJDCYVMI,group1
0.832367608877567,0.5388805063307389,0.0937457866316119,2297,0.0,2024-01-19,signup,4,False,KKTVUSXMAB,group1
0.832367608877567,0.714791882321173,0.6562205064212835,2310,1.0,2024-01-05,signup,9,True,KFCZUDFTTK,group1
0.3837629823732406,0.8384671406039437,0.04687289331580596,2316,0.0,2024-01-22,signup,4,False,BJJTTCCJHA,group1
0.832367608877567,0.43184790085454106,0.37498314652644765,2317,0.0,2024-01-07,signup,9,True,NLEYGGVYUT,group1
0.832367608877567,0.7896635314146425,0.4218560398422536,2321,1.0,2024-01-06,signup,9,False,MUJOQYREGH,group1
0.3837629823732406,0.4120281848986953,0.0,2329,0.0,2024-01-26,signup,5,True,NIVAQCRVZZ,group1
0.6080652956254038,0.7219416237154817,0.14061867994741786,2330,0.0,2024-01-11,signup,2,False,ANZGRDYZMK,group1
0.15946066912107737,0.030433274849867686,0.04687289331580596,2334,0.0,2024-01-23,signup,7,True,KMMXGMSKAL,group1
0.271611825747159,0.9016413378136496,0.4218560398422536,2335,0.0,2024-01-01,signup,6,False,SHSQGQFVRJ,group1
0.49591413899932213,0.6303620940648647,0.0,2338,0.0,2024-01-03,signup,8,True,IMHFUSWNTE,group1
0.6080652956254038,0.6882003341896126,0.7968391863687013,2339,0.0,2024-01-02,signup,5,False,EHDFVKXMVO,group1
0.3837629823732406,0.8670678289069991,0.04687289331580596,2343,0.0,2024-01-28,signup,1,True,NJWXEUAJBW,group1
0.047309512494995765,0.8142808671663118,0.5156018264738655,2365,0.0,2024-01-26,signup,4,True,TLRDJMXFGT,group1
0.49591413899932213,0.41592369858078637,0.04687289331580596,2366,0.0,2024-01-12,signup,6,True,LDNMEKIJIU,group1
0.3837629823732406,0.32071222127456167,0.5156018264738655,2369,1.0,2024-01-07,signup,6,True,SJIQQLAZKV,group1
0.271611825747159,0.7765746197627577,0.6093476131054775,2374,1.0,2024-01-20,signup,5,False,DAZVFCVSIP,group1
0.271611825747159,0.6889604580441069,0.0,2376,0.0,2024-01-11,signup,1,True,PHIMAVFTBG,group1
0.49591413899932213,0.49006843277407963,0.04687289331580596,2378,0.0,2024-01-26,signup,1,False,BKLTCXBPQT,group1
0.271611825747159,0.42050717261712345,0.6093476131054775,2380,1.0,2024-01-19,signup,4,False,MSIAYQOZGV,group1
0.6080652956254038,0.560093910106751,0.2812373598948357,2382,1.0,2024-01-27,signup,6,False,NIQXOUSFEL,group1
0.3837629823732406,0.6509805649769089,0.0,2384,0.0,2024-01-11,signup,1,False,OQNHUHPMSE,group1
0.3837629823732406,0.10201766950095648,0.0,2392,0.0,2024-01-03,signup,6,False,FZHYAADJQE,group1
0.6080652956254038,0.7029073640876331,0.23436446657902976,2402,0.0,2024-01-02,signup,1,False,CSNOODQHKV,group1
0.49591413899932213,0.7513006383233969,0.23436446657902976,2405,1.0,2024-01-14,signup,3,False,CGSKURLYFH,group1
0.3837629823732406,1.0000000000000004,0.0,2416,0.0,2024-01-23,signup,5,False,YOLOCFCJGX,group1
0.9999999999999999,0.7843574213813307,0.23436446657902976,2422,1.0,2024-01-30,signup,4,True,JRDHFBNDVQ,group1
0.271611825747159,0.20771600755473196,0.0,2424,0.0,2024-01-23,signup,8,True,VNWWPEYHCM,group1
0.3837629823732406,0.3863743775123192,0.5624747197896716,2426,0.0,2024-01-09,signup,3,False,PHEKHLKXUA,group1
0.49591413899932213,0.9029070174505449,0.18749157326322383,2433,0.0,2024-01-29,signup,4,False,FBKLBLYQAZ,group1
0.832367608877567,0.7260395819594665,0.18749157326322383,2436,0.0,2024-01-19,signup,4,False,DSJTTHBCTL,group1
0.6080652956254038,0.2827877615209471,0.7030933997370894,2438,1.0,2024-01-06,signup,3,False,XPHUHKFMCW,group1
0.49591413899932213,0.4539334264409476,0.6093476131054775,2443,1.0,2024-01-06,signup,7,False,DZDBBPIBKR,group1
0.047309512494995765,0.8595957234219491,0.04687289331580596,2444,0.0,2024-01-17,signup,5,False,HXSSEVHONE,group1
0.49591413899932213,0.5053002893690177,0.6093476131054775,2446,0.0,2024-01-31,signup,8,False,ZNWLFQFUZH,group1
0.7202164522514855,0.3797255952797154,0.3281102532106417,2447,0.0,2024-01-01,signup,3,False,OLJLVIUFOH,group1
0.6080652956254038,0.7232310133015964,0.04687289331580596,2449,0.0,2024-01-13,signup,1,False,YYKBCOPSON,group1
0.7202164522514855,0.8521313831871682,0.3281102532106417,2452,1.0,2024-01-03,signup,7,True,CQCMUDXNEP,group1
0.49591413899932213,0.33614636946830645,0.0,2455,0.0,2024-01-03,signup,5,True,KJMEYVSTBY,group1
0.7202164522514855,0.6428004574166479,0.04687289331580596,2459,0.0,2024-01-24,signup,1,False,CRTWSFCJJR,group1
0.49591413899932213,0.32245010262456963,0.9843307596319252,2464,1.0,2024-01-21,signup,8,False,IIMNLYHAOF,group1
0.9999999999999999,0.536038108684842,0.4218560398422536,2469,1.0,2024-01-01,signup,8,False,LUYEFWDJXD,group1
0.6080652956254038,0.6257949280551713,0.2812373598948357,2474,1.0,2024-01-28,signup,2,True,HUOSHWZLON,group1
0.6080652956254038,0.4370235543957328,0.04687289331580596,2478,0.0,2024-01-09,signup,6,True,RVTKYPJXNN,group1
0.6080652956254038,0.43123967373806726,0.6093476131054775,2482,1.0,2024-01-04,signup,8,False,XNQPVPMEUU,group1
0.6080652956254038,0.5286167574491407,0.14061867994741786,2489,0.0,2024-01-26,signup,9,False,TZDBSEXUYY,group1
0.49591413899932213,0.26377529906187336,0.0,2504,0.0,2024-01-15,signup,7,False,PCBEDFQAJH,group1
0.9445187655036485,0.42292758086724147,1.0,2508,1.0,2024-01-29,signup,5,True,ZUBLRJSFXT,group1
0.15946066912107737,1.0000000000000004,0.6093476131054775,2509,1.0,2024-01-31,signup,4,False,UZKIBZVDHF,group1
0.7202164522514855,0.14346119781180056,0.5624747197896716,2514,1.0,2024-01-29,signup,2,True,BEJHIHWRCW,group1
0.15946066912107737,0.3881195506716115,0.14061867994741786,2516,0.0,2024-01-11,signup,2,False,WBHXBGCPZU,group1
0.49591413899932213,0.3939738513136657,0.37498314652644765,2518,1.0,2024-01-13,signup,8,True,ZOHOAPIFNM,group1
0.7202164522514855,0.0,0.37498314652644765,2520,1.0,2024-01-06,signup,5,True,KDASUODDGC,group1
0.49591413899932213,0.6066614177033727,0.23436446657902976,2532,0.0,2024-01-19,signup,1,True,RBRWZROFUK,group1
0.6080652956254038,0.33521515607042973,0.5624747197896716,2535,1.0,2024-01-14,signup,9,False,OUJCJCIGEN,group1
0.6080652956254038,0.6560646474432543,0.0,2545,0.0,2024-01-24,signup,6,False,TKWFOYOILT,group1
0.3837629823732406,0.2704155221084017,0.04687289331580596,2546,0.0,2024-01-04,signup,5,True,KYDNOHKAHW,group1
0.9999999999999999,0.2064941559980613,0.6562205064212835,2553,1.0,2024-01-23,signup,4,False,YNADKXKUGZ,group1
0.6080652956254038,0.59727576080207,0.14061867994741786,2554,0.0,2024-01-27,signup,2,True,JGXIDQJITC,group1
0.3837629823732406,0.3710853010213029,0.7030933997370894,2558,0.0,2024-01-17,signup,7,True,KYSQAFHTZV,group1
0.7202164522514855,0.3896552866204299,0.5156018264738655,2560,1.0,2024-01-13,signup,9,True,RMKBGYUNLU,group1
0.832367608877567,0.26572820729380275,0.14061867994741786,2566,0.0,2024-01-27,signup,8,True,IQPDRMGKJJ,group1
0.832367608877567,0.6067854693001884,0.0,2567,0.0,2024-01-12,signup,6,True,MTWQAORZVQ,group1
0.7202164522514855,0.5689067748318557,0.6562205064212835,2575,1.0,2024-01-21,signup,4,False,IIZPCDFOVT,group1
0.49591413899932213,0.5982052449100905,0.7499662930528953,2581,1.0,2024-01-14,signup,5,False,GXUPMVDSZQ,group1
0.49591413899932213,0.8188635899211181,0.5156018264738655,2582,1.0,2024-01-17,signup,4,False,ZURDQBBFEY,group1
0.49591413899932213,0.7419694882798158,0.4687289331580596,2584,1.0,2024-01-12,signup,5,False,CCDDIXBQGA,group1
0.6080652956254038,0.42881632560544647,0.2812373598948357,2587,1.0,2024-01-26,signup,4,True,WAPEOCCPJL,group1
0.6080652956254038,0.42854339865066526,1.0,2590,1.0,2024-01-13,signup,3,False,DEFCDZVBZE,group1
0.49591413899932213,0.7609878559234122,1.0,2591,1.0,2024-01-14,signup,4,False,TADAHZBGFS,group1
0.6080652956254038,0.34345717076229,0.04687289331580596,2594,0.0,2024-01-26,signup,7,False,CNFMTURVSJ,group1
0.49591413899932213,0.7491971320417341,0.0,2596,0.0,2024-01-11,signup,1,False,ZVRSISFRUI,group1
0.271611825747159,0.6800527902255253,0.0,2598,0.0,2024-01-02,signup,9,False,HFXYUQNTLQ,group1
0.49591413899932213,0.5482958401109617,0.18749157326322383,2601,0.0,2024-01-18,signup,1,False,THQLDCDOYN,group1
0.832367608877567,0.44715232239945557,0.5624747197896716,2608,1.0,2024-01-24,signup,1,False,NYXKVXPFGQ,group1
0.3837629823732406,0.29940997286865034,0.5624747197896716,2610,1.0,2024-01-16,signup,4,True,ITILLUTWLQ,group1
0.15946066912107737,0.9576342437850198,0.0937457866316119,2616,0.0,2024-01-01,signup,9,True,ZSMCILPIZB,group1
0.49591413899932213,0.4279586960518502,0.37498314652644765,2617,0.0,2024-01-28,signup,1,True,FQQOKOQQXL,group1
0.9999999999999999,0.3354252018679671,0.7968391863687013,2623,1.0,2024-01-10,signup,1,True,OQLPHQVGAL,group1
0.3837629823732406,0.16684549350800104,0.9843307596319252,2627,1.0,2024-01-06,signup,3,True,ESEIFXIOPR,group1
0.15946066912107737,0.7058042691768827,0.37498314652644765,2628,0.0,2024-01-30,signup,2,False,NKVSFPUMAW,group1
0.49591413899932213,0.951395846571863,0.18749157326322383,2629,0.0,2024-01-17,signup,6,False,DAKDGKNZUT,group1
0.49591413899932213,0.8207830117028885,0.6093476131054775,2630,1.0,2024-01-05,signup,6,True,SXWABXPLOD,group1
0.6080652956254038,0.21449032563860193,0.18749157326322383,2637,1.0,2024-01-05,signup,6,False,NZSZCIKOEJ,group1
0.832367608877567,0.37685616719576176,0.6093476131054775,2640,0.0,2024-01-11,signup,8,False,KQJYZLHSZY,group1
0.6080652956254038,0.621455462192138,0.6093476131054775,2641,0.0,2024-01-11,signup,9,False,SVBIVGRYQT,group1
0.9445187655036485,0.2889140350009183,0.4218560398422536,2644,0.0,2024-01-08,signup,3,False,VBMYIHESMS,group1
0.49591413899932213,0.5265361555898322,0.2812373598948357,2662,0.0,2024-01-09,signup,5,True,RLZJITABBI,group1
0.49591413899932213,0.6222313890999338,0.6093476131054775,2667,1.0,2024-01-27,signup,8,False,VNSLPNXZIC,group1
0.6080652956254038,0.28634064300151474,0.6562205064212835,2668,1.0,2024-01-27,signup,3,False,XWPFZBHOHQ,group1
0.6080652956254038,0.2527835949517767,0.0937457866316119,2669,0.0,2024-01-20,signup,2,True,HWAUMSYTNP,group1
0.832367608877567,0.5909340205144598,0.0,2673,0.0,2024-01-26,signup,5,True,QKSEUMUXAZ,group1
0.15946066912107737,0.5291978816121765,0.18749157326322383,2674,1.0,2024-01-17,signup,9,False,DLGWZPMZYG,group1
0.3837629823732406,0.6288340482211141,0.8437120796845072,2678,0.0,2024-01-22,signup,4,False,IGBRAEXVGD,group1
0.49591413899932213,0.959886947371785,0.8437120796845072,2679,1.0,2024-01-04,signup,1,False,NQDCKDPFQX,group1
0.3837629823732406,0.0,0.04687289331580596,2688,0.0,2024-01-14,signup,2,True,HRNRQWROFT,group1
0.047309512494995765,0.7626925838278438,0.23436446657902976,2692,0.0,2024-01-25,signup,5,True,IVAVSZAISB,group1
0.271611825747159,0.6501856028585355,0.8437120796845072,2693,0.0,2024-01-29,signup,8,True,BSMKYLHCBL,group1
0.15946066912107737,0.5440056856595246,0.4687289331580596,2698,1.0,2024-01-17,signup,2,False,EGHPUZPFSD,group1
0.49591413899932213,0.9730529401320513,0.4218560398422536,2704,1.0,2024-01-11,signup,2,False,CVXWXWYATY,group1
0.49591413899932213,0.5495080674039676,0.23436446657902976,2707,0.0,2024-01-30,signup,3,True,RQIKBVPREN,group1
0.49591413899932213,0.48381884440937784,0.0,2714,0.0,2024-01-31,signup,5,True,OKPISHLZCY,group1
0.49591413899932213,0.7674757186697572,0.4218560398422536,2720,1.0,2024-01-10,signup,9,True,ZVQUHIHGMV,group1
0.6080652956254038,0.29900445872649994,0.5156018264738655,2721,1.0,2024-01-06,signup,2,True,HDEGVLLLJR,group1
0.6080652956254038,0.5142441664634219,0.23436446657902976,2723,0.0,2024-01-12,signup,8,True,JGVFNTNHBN,group1
0.3837629823732406,0.24139892525663198,0.18749157326322383,2728,0.0,2024-01-18,signup,8,True,RTGBEMFZNO,group1
0.49591413899932213,0.5542333268370374,0.04687289331580596,2729,0.0,2024-01-02,signup,9,True,IPQMFUFNXZ,group1
0.6080652956254038,0.3254224859026471,0.6093476131054775,2730,1.0,2024-01-16,signup,8,False,BPFAREWMBX,group1
0.7202164522514855,0.2263229785426395,0.5156018264738655,2734,1.0,2024-01-01,signup,5,False,JWWHQFSIOQ,group1
0.832367608877567,0.5481606913267831,0.5624747197896716,2735,1.0,2024-01-11,signup,2,True,QXURHZYNNR,group1
0.7202164522514855,0.8832326037478699,0.0,2739,0.0,2024-01-18,signup,2,True,AXKEWVWUZT,group1
0.49591413899932213,0.4400934817970019,0.37498314652644765,2740,0.0,2024-01-30,signup,7,False,FXNMMBBZEK,group1
0.49591413899932213,0.5008313260033352,0.8905849730003133,2745,1.0,2024-01-26,signup,4,True,EPBNHAVGYI,group1
0.49591413899932213,0.035030527864204686,0.0937457866316119,2747,0.0,2024-01-15,signup,2,True,CXXQLRLVKZ,group1
0.047309512494995765,0.40336952199335974,0.5156018264738655,2751,1.0,2024-01-21,signup,3,True,EMZMTQXQMY,group1
0.49591413899932213,0.31719216414746976,0.0,2753,0.0,2024-01-02,signup,7,True,LDDQHGQDXK,group1
0.6080652956254038,0.289175497062951,0.7499662930528953,2758,1.0,2024-01-06,signup,5,True,EKIIBQYDWR,group1
0.49591413899932213,0.43478732050932134,0.37498314652644765,2763,0.0,2024-01-30,signup,1,False,SGHPHRPZRR,group1
0.49591413899932213,0.3357409335160577,0.04687289331580596,2771,0.0,2024-01-18,signup,7,False,QHYPKQEXOI,group1
0.832367608877567,0.5735699173738209,0.8905849730003133,2784,1.0,2024-01-17,signup,4,True,EAGKRTIJYN,group1
0.49591413899932213,0.7529221327459723,0.6093476131054775,2787,0.0,2024-01-03,signup,9,True,SYFYYORJXC,group1
0.7202164522514855,0.16346312116659245,0.3281102532106417,2804,1.0,2024-01-21,signup,3,False,VARKGSYEIV,group1
0.49591413899932213,0.8164650840300354,0.04687289331580596,2807,0.0,2024-01-10,signup,7,False,UWLCCXVHKH,group1
0.271611825747159,0.5161524680982024,0.18749157326322383,2817,0.0,2024-01-28,signup,8,True,CEEADFHMTM,group1
0.15946066912107737,0.195918175567392,0.23436446657902976,2818,0.0,2024-01-13,signup,8,False,IPCMKAZHQO,group1
0.3837629823732406,0.20699774409122718,0.04687289331580596,2824,0.0,2024-01-18,signup,4,False,TOSQZZOGEP,group1
0.3837629823732406,0.48822961972850276,0.04687289331580596,2829,0.0,2024-01-25,signup,9,False,ULJKQWIGKR,group1
0.271611825747159,0.8716292650421313,0.14061867994741786,2831,1.0,2024-01-22,signup,5,False,VDTSJQOFMT,group1
0.15946066912107737,0.262228511147506,0.3281102532106417,2832,0.0,2024-01-31,signup,7,False,BVHHYVZTZJ,group1
0.3837629823732406,0.7296620568052363,0.0937457866316119,2833,0.0,2024-01-15,signup,3,True,WIMPZBVRJC,group1
0.832367608877567,0.46071747482291636,0.8905849730003133,2850,1.0,2024-01-02,signup,7,False,XKBFTSCXBX,group1
0.15946066912107737,0.14222714496971323,0.04687289331580596,2857,0.0,2024-01-22,signup,6,True,TKXEPUZMSX,group1
0.3837629823732406,0.0,0.23436446657902976,2859,0.0,2024-01-28,signup,4,False,YVEOZFKCYR,group1
0.15946066912107737,0.05646422951457408,0.6562205064212835,2867,1.0,2024-01-04,signup,9,True,ODOUQKUGNG,group1
0.271611825747159,0.8995332180407609,0.6093476131054775,2870,1.0,2024-01-29,signup,5,True,JVIHQMSTQG,group1
0.271611825747159,0.47914361866326693,0.6093476131054775,2871,1.0,2024-01-16,signup,4,True,TFWLENSXYX,group1
0.15946066912107737,0.5193314230412676,0.18749157326322383,2872,1.0,2024-01-28,signup,4,True,FSSBPGPGSY,group1
0.49591413899932213,1.0000000000000004,0.0,2875,0.0,2024-01-24,signup,3,False,BTZVDYPLSV,group1
0.047309512494995765,0.0,0.0937457866316119,2876,0.0,2024-01-02,signup,1,True,FJERSAZJID,group1
0.49591413899932213,0.8734661776750596,0.14061867994741786,2877,0.0,2024-01-28,signup,8,False,BSUAPJSXPG,group1
0.6080652956254038,0.5344335895060337,0.4218560398422536,2879,0.0,2024-01-14,signup,1,True,GALYZDOXKT,group1
0.271611825747159,0.991314093396896,0.14061867994741786,2880,0.0,2024-01-03,signup,3,True,QHLPTTFQSQ,group1
0.49591413899932213,0.22857108902515488,0.0937457866316119,2882,0.0,2024-01-28,signup,6,True,NPCZCIICRR,group1
0.6080652956254038,0.5636620817892153,0.2812373598948357,2883,0.0,2024-01-23,signup,6,True,OXJINXAQDT,group1
0.271611825747159,0.1735826106791052,0.6093476131054775,2886,1.0,2024-01-31,signup,8,False,SOECBZQBCV,group1
0.6080652956254038,0.48518366892826803,0.0937457866316119,2887,0.0,2024-01-01,signup,6,True,CGZYPVGZLK,group1
0.3837629823732406,0.5044999026783139,0.7968391863687013,2890,0.0,2024-01-09,signup,5,False,ZMZLRWNECU,group1
0.6080652956254038,0.2769790434324273,0.5624747197896716,2892,1.0,2024-01-14,signup,3,True,LFTQPAOKJR,group1
0.271611825747159,0.37587217908307435,0.5624747197896716,2896,1.0,2024-01-23,signup,2,True,ILWTLFFGTI,group1
0.9445187655036485,0.5349223152396703,0.5156018264738655,2898,0.0,2024-01-27,signup,2,False,ZGGYEKIYWW,group1
0.15946066912107737,0.48305269953232033,0.0937457866316119,2903,0.0,2024-01-03,signup,9,True,ABTSQBEZQR,group1
0.15946066912107737,0.665689436993183,0.3281102532106417,2911,0.0,2024-01-19,signup,7,False,HBHQOERLHE,group1
0.271611825747159,0.6451932887243816,0.0,2914,0.0,2024-01-26,signup,3,False,UGTGZOCELN,group1
0.6080652956254038,0.3870710627639782,0.6093476131054775,2916,1.0,2024-01-21,signup,7,True,ZXPGXOJPPY,group1
0.6080652956254038,0.6873468925305448,0.0937457866316119,2918,0.0,2024-01-16,signup,7,True,PPMSMLRXLF,group1
0.9445187655036485,0.29367810985598775,0.0,2919,0.0,2024-01-19,signup,3,False,RBKADVAFUZ,group1
0.15946066912107737,0.5202597588237259,0.0,2920,0.0,2024-01-25,signup,5,True,QRPYYNENMY,group1
0.6080652956254038,0.5159417654432539,1.0,2922,1.0,2024-01-07,signup,2,True,KYMVGSKAEN,group1
0.3837629823732406,0.5664983137150683,0.7499662930528953,2923,0.0,2024-01-05,signup,8,True,VWPTBVEGYT,group1
0.6080652956254038,0.3229976215392014,0.6093476131054775,2924,0.0,2024-01-23,signup,8,False,WSTDBZCCQO,group1
0.832367608877567,0.7199766947782584,0.18749157326322383,2925,1.0,2024-01-11,signup,8,False,ZLMQOCTINW,group1
0.047309512494995765,0.6089220910483188,0.7499662930528953,2934,1.0,2024-01-01,signup,5,True,FBXLHSNMCU,group1
0.6080652956254038,0.2693305541342821,0.0937457866316119,2940,0.0,2024-01-27,signup,8,False,AVOZVAAWCN,group1
0.49591413899932213,0.5061488950779767,0.18749157326322383,2953,0.0,2024-01-29,signup,5,True,URVRLHCXGT,group1
0.49591413899932213,0.7284414898247462,0.14061867994741786,2956,1.0,2024-01-26,signup,7,False,OHQWTZWVRW,group1
0.271611825747159,0.5757566557159888,0.0,2958,0.0,2024-01-12,signup,1,True,SQVWDWVAXV,group1
0.271611825747159,0.46626615047519415,0.4218560398422536,2971,0.0,2024-01-21,signup,1,False,JAZUUCNIJT,group1
0.9999999999999999,0.27853061000677704,0.6562205064212835,2973,1.0,2024-01-01,signup,9,False,PUWUWIIWJT,group1
0.15946066912107737,0.14207923358800345,0.0,2977,0.0,2024-01-08,signup,3,False,MWVQZIZJTI,group1
0.15946066912107737,0.41645148485677197,0.8437120796845072,2983,1.0,2024-01-06,signup,8,False,GSXAXVUFOM,group1
0.49591413899932213,0.7587038846291736,0.23436446657902976,2986,0.0,2024-01-23,signup,5,True,JRAIOGTSDO,group1
0.49591413899932213,0.6077205734553162,0.7030933997370894,2987,1.0,2024-01-08,signup,9,True,AFDIUPZXKT,group1
0.832367608877567,0.15472036367255138,0.04687289331580596,2990,0.0,2024-01-22,signup,8,True,IBQSDBFJZE,group1
0.832367608877567,0.7364984816840914,0.18749157326322383,2997,0.0,2024-01-20,signup,8,True,EBWZYCKBBB,group1
0.7202164522514855,0.7277840033640994,0.37498314652644765,2998,0.0,2024-01-14,signup,2,False,RFTSZVCCAS,group1
0.3837629823732406,0.42081197373262746,0.37498314652644765,3000,1.0,2024-01-26,signup,3,False,HXREICAIYJ,group1
0.15946066912107737,0.29945666205296106,0.6562205064212835,3003,1.0,2024-01-30,signup,2,False,CSSGPUDVIM,group1
0.271611825747159,0.7936641430038551,0.2812373598948357,3008,1.0,2024-01-02,signup,8,True,GLBNJIRCHJ,group1
0.6080652956254038,0.12697404799664325,0.0,3009,0.0,2024-01-16,signup,5,True,SKPAAAULAC,group1
0.49591413899932213,0.6217717745210285,0.2812373598948357,3012,0.0,2024-01-23,signup,3,False,FYJKKYYAPR,group1
0.3837629823732406,0.40279296764412287,0.23436446657902976,3014,1.0,2024-01-16,signup,4,False,QUJXZSIFRN,group1
0.047309512494995765,0.7835165709549909,0.37498314652644765,3017,0.0,2024-01-15,signup,1,True,KVVQFAEPLW,group1
0.6080652956254038,0.5933014883222918,0.0,3020,0.0,2024-01-29,signup,8,False,PTERBBHFXL,group1
0.047309512494995765,0.6231260833818699,0.23436446657902976,3023,0.0,2024-01-05,signup,7,True,WUFPIDMRKY,group1
0.3837629823732406,0.5093653090608212,0.0,3024,0.0,2024-01-24,signup,1,False,FAGHXBDLTV,group1
0.6080652956254038,0.5054942191816307,0.6562205064212835,3028,1.0,2024-01-26,signup,5,False,YWAFEAPTQI,group1
0.49591413899932213,0.3907351128029668,0.14061867994741786,3031,0.0,2024-01-02,signup,9,False,XPMFZVVPXN,group1
0.7202164522514855,0.4331395362927375,0.9843307596319252,3032,1.0,2024-01-25,signup,9,True,QCQNHNMDPA,group1
0.49591413899932213,0.5504676478329871,0.0937457866316119,3034,0.0,2024-01-08,signup,5,False,VLZPJZILVL,group1
0.15946066912107737,0.6449821858119131,0.4218560398422536,3036,0.0,2024-01-19,signup,2,True,HLCCNLSQMQ,group1
0.271611825747159,0.16711032867065123,0.14061867994741786,3038,0.0,2024-01-30,signup,6,False,ZLPMBFEXTX,group1
0.49591413899932213,0.6839034582166721,0.04687289331580596,3040,0.0,2024-01-22,signup,8,True,KLHQXTEKPP,group1
0.6080652956254038,0.6585945089652414,0.0937457866316119,3042,0.0,2024-01-23,signup,8,False,SBBBEDYHCI,group1
0.49591413899932213,0.41030808451967227,0.4218560398422536,3044,1.0,2024-01-17,signup,7,True,AOVNSAMSSC,group1
0.271611825747159,0.45158310040971505,0.7499662930528953,3045,1.0,2024-01-03,signup,4,True,GLWOXGBVRO,group1
0.49591413899932213,0.518534908187136,0.04687289331580596,3049,0.0,2024-01-04,signup,2,False,URCHJWNPVK,group1
0.3837629823732406,0.6169730055202369,0.5156018264738655,3050,0.0,2024-01-17,signup,7,True,WYVXJIWYFC,group1
0.832367608877567,0.6946209031208044,0.0,3053,0.0,2024-01-21,signup,3,True,XJSTKQNVOV,group1
0.3837629823732406,0.4201094679341746,0.2812373598948357,3060,0.0,2024-01-02,signup,9,True,AGVKVNBNXN,group1
0.49591413899932213,0.5094614577500658,1.0,3064,1.0,2024-01-29,signup,9,True,LCIDNGXIPX,group1
0.6080652956254038,0.32640467464491163,0.0,3065,0.0,2024-01-10,signup,8,False,WVEJRCAFIK,group1
0.7202164522514855,0.751369713638395,0.37498314652644765,3069,1.0,2024-01-31,signup,1,True,HRVENXNVQF,group1
0.6080652956254038,0.515970636848603,0.18749157326322383,3078,0.0,2024-01-16,signup,8,True,WUUEOSAGWD,group1
0.832367608877567,0.22165188238645772,0.5624747197896716,3083,1.0,2024-01-09,signup,7,False,EKMJOCJXOU,group1
0.7202164522514855,0.6152601957990376,0.0937457866316119,3092,0.0,2024-01-25,signup,1,False,IODVZQOYDV,group1
0.6080652956254038,0.6419943274759832,0.0,3094,0.0,2024-01-13,signup,7,False,LAOEQTDSSG,group1
0.49591413899932213,0.23635104672570684,0.2812373598948357,3097,0.0,2024-01-27,signup,4,True,OQIMDNCSYS,group1
0.6080652956254038,0.5710895330930752,0.18749157326322383,3103,0.0,2024-01-05,signup,2,True,CXXPPNMNPH,group1
0.832367608877567,0.7309033831146792,1.0,3106,1.0,2024-01-13,signup,3,True,ANOEFYIWKP,group1
0.7202164522514855,0.6656844236675918,0.14061867994741786,3114,0.0,2024-01-11,signup,2,False,BLPBCNIBEU,group1
0.832367608877567,0.2738560106867802,0.0,3117,0.0,2024-01-27,signup,7,True,QJSGCYMHTY,group1
0.7202164522514855,0.5620341297800686,0.8905849730003133,3118,0.0,2024-01-28,signup,5,True,JIVFWLYYKT,group1
0.6080652956254038,0.2555356730972833,0.5624747197896716,3119,0.0,2024-01-01,signup,4,False,XRYYIPMYJL,group1
0.49591413899932213,0.01811859506954283,0.18749157326322383,3120,0.0,2024-01-21,signup,3,False,YWZYSMFYQC,group1
0.6080652956254038,0.522298790898525,0.9374578663161192,3124,1.0,2024-01-01,signup,8,False,MCZWEFUHJV,group1
0.7202164522514855,0.25100005498955813,0.37498314652644765,3129,1.0,2024-01-09,signup,7,True,RXCRLMTNUZ,group1
0.271611825747159,0.6488140167852121,0.6562205064212835,3133,1.0,2024-01-24,signup,5,True,VLYTSSYJUK,group1
0.271611825747159,0.3688376069374746,0.6562205064212835,3135,1.0,2024-01-11,signup,7,True,TCGQXEIWNJ,group1
0.271611825747159,0.4446146218020095,0.7030933997370894,3136,1.0,2024-01-01,signup,9,False,VFOTWYAXYQ,group1
0.49591413899932213,0.6169501953885441,0.2812373598948357,3137,1.0,2024-01-20,signup,2,True,BIOPNRCSEL,group1
0.7202164522514855,0.34871340528993544,0.2812373598948357,3138,1.0,2024-01-25,signup,2,True,ITTSVDBGAQ,group1
0.49591413899932213,0.5643701970368515,0.0,3144,0.0,2024-01-10,signup,7,True,TBOHVHBVHZ,group1
0.832367608877567,0.39193225875554916,0.4687289331580596,3146,1.0,2024-01-15,signup,8,False,KITDWIZCHC,group1
0.49591413899932213,1.0000000000000004,0.5156018264738655,3147,1.0,2024-01-19,signup,9,False,DZRUVRWOYK,group1
0.49591413899932213,0.5790727574282268,0.7030933997370894,3158,1.0,2024-01-31,signup,2,True,DJRJKEBERP,group1
0.49591413899932213,0.73506224861841,0.04687289331580596,3171,0.0,2024-01-31,signup,2,True,WMBULRRBFC,group1
0.3837629823732406,0.6933960513620749,0.0937457866316119,3173,0.0,2024-01-10,signup,4,True,BBPYZBLGJF,group1
0.49591413899932213,0.0,1.0,3177,1.0,2024-01-16,signup,6,True,BYALBNXSUG,group1
0.271611825747159,0.6646943797080298,0.9843307596319252,3188,1.0,2024-01-14,signup,6,False,UVOOKLHPPX,group1
0.15946066912107737,0.8001923231448647,0.4687289331580596,3191,1.0,2024-01-13,signup,3,False,VLDOXNOAHL,group1
0.7202164522514855,0.3568769207949969,0.5156018264738655,3195,1.0,2024-01-06,signup,7,False,SMQAFHAXDA,group1
0.15946066912107737,0.053521672198909354,0.04687289331580596,3198,0.0,2024-01-04,signup,8,False,None,group1
0.6080652956254038,0.2610631724328618,0.8437120796845072,3200,1.0,2024-01-31,signup,4,False,BVNPQZEVLA,group1
0.7202164522514855,0.2973169059154368,0.6562205064212835,3209,1.0,2024-01-12,signup,8,False,QSRUSYPHID,group1
0.49591413899932213,0.76726910638688,0.14061867994741786,3214,0.0,2024-01-27,signup,2,True,HIYCCDTRVC,group1
0.6080652956254038,0.7957412169436213,0.0,3215,0.0,2024-01-18,signup,4,False,USMNUCWHSH,group1
0.49591413899932213,0.8623115159064914,0.0,3216,0.0,2024-01-23,signup,4,True,VYQEGSTUJU,group1
0.3837629823732406,0.45511656016410784,0.0,3221,0.0,2024-01-31,signup,8,True,PGXFDSOMVK,group1
0.15946066912107737,0.4453985034442529,0.23436446657902976,3224,0.0,2024-01-31,signup,2,True,OBCLJNYPMQ,group1
0.6080652956254038,0.4299393890829606,0.4687289331580596,3231,1.0,2024-01-13,signup,5,False,OZDUYCSGQQ,group1
0.3837629823732406,1.0000000000000004,0.5156018264738655,3234,0.0,2024-01-01,signup,4,False,TGCRFBYXAV,group1
0.49591413899932213,0.33900590732799074,0.2812373598948357,3258,0.0,2024-01-28,signup,6,False,LISVPCGTBE,group1
0.9445187655036485,0.8245600599979777,0.0,3260,0.0,2024-01-29,signup,9,True,ALLOPYHURT,group1
0.6080652956254038,0.4715933281279172,0.37498314652644765,3262,0.0,2024-01-23,signup,9,True,XCJETCTITO,group1
0.3837629823732406,0.21696372463880786,0.23436446657902976,3266,0.0,2024-01-03,signup,7,False,RPUXZPTFEA,group1
0.6080652956254038,0.7181722840318594,0.6562205064212835,3267,1.0,2024-01-28,signup,5,True,STXPGPIRVM,group1
0.49591413899932213,0.9249764031584098,1.0,3268,1.0,2024-01-01,signup,2,True,BKPPEAYDFC,group1
0.3837629823732406,0.3534573772249554,0.0937457866316119,3270,0.0,2024-01-03,signup,4,False,KYCOUTOJNW,group1
0.7202164522514855,0.5117055911725195,0.3281102532106417,3271,0.0,2024-01-05,signup,5,False,UZCBTDSYBG,group1
0.832367608877567,0.8129995917354229,0.5624747197896716,3272,1.0,2024-01-25,signup,3,True,IEGWQOTQLP,group1
0.49591413899932213,0.0,0.7499662930528953,3277,0.0,2024-01-25,signup,7,True,FSKYRENSPU,group1
0.49591413899932213,0.7049850900953194,0.14061867994741786,3278,0.0,2024-01-16,signup,9,True,RXDXXBXPRD,group1
0.6080652956254038,0.7688848430578132,1.0,3282,1.0,2024-01-28,signup,6,True,LNPJIORHRL,group1
0.047309512494995765,0.49393732841808724,0.18749157326322383,3284,0.0,2024-01-27,signup,8,False,CIZVFVPDDC,group1
0.49591413899932213,0.19967920223213254,0.0,3285,0.0,2024-01-14,signup,3,False,NVROWWDEBX,group1
0.271611825747159,0.20322260670292147,0.0,3286,0.0,2024-01-10,signup,7,True,VUTPHFUBUJ,group1
0.49591413899932213,0.49761971863503174,0.2812373598948357,3296,1.0,2024-01-27,signup,8,True,TBZQLVKYBF,group1
0.49591413899932213,0.6630737958156585,1.0,3305,0.0,2024-01-17,signup,4,True,LBAUOECLYS,group1
0.49591413899932213,0.4896071918487088,0.23436446657902976,3321,0.0,2024-01-14,signup,9,True,QANXPOJXMW,group1
0.49591413899932213,1.0000000000000004,0.5156018264738655,3323,1.0,2024-01-21,signup,9,False,LRZASXUMKT,group1
0.271611825747159,0.2765705859226095,0.7499662930528953,3325,1.0,2024-01-25,signup,8,True,OJDTLFZSRZ,group1
0.7202164522514855,0.7331096284449812,1.0,3326,1.0,2024-01-17,signup,6,False,RYKPGVCXBA,group1
0.49591413899932213,1.0000000000000004,0.5156018264738655,3331,1.0,2024-01-26,signup,6,True,HTGSXPQULO,group1
0.49591413899932213,0.514816440649712,0.6562205064212835,3334,1.0,2024-01-29,signup,8,False,VQXJSTIGGA,group1
0.3837629823732406,0.9191720150032436,0.18749157326322383,3350,0.0,2024-01-12,signup,3,False,OEJXQWSOJN,group1
0.9445187655036485,0.15228868374155935,0.6093476131054775,3356,1.0,2024-01-18,signup,7,True,BLIOFLRGFP,group1
0.271611825747159,0.4512353796688324,0.0937457866316119,3363,0.0,2024-01-20,signup,7,False,OMOGDOFUDQ,group1
0.6080652956254038,0.3737301670775719,0.5624747197896716,3369,1.0,2024-01-01,signup,2,True,KUFBVMQIRE,group1
0.3837629823732406,0.37308907269104497,0.37498314652644765,3373,1.0,2024-01-19,signup,6,True,XVIYJBRRJE,group1
0.7202164522514855,0.12291723085379225,0.8905849730003133,3374,1.0,2024-01-30,signup,5,False,VKTDAARAJW,group1
0.271611825747159,0.5408835278806561,0.18749157326322383,3382,0.0,2024-01-04,signup,2,True,IHGRLMKEYX,group1
0.49591413899932213,0.25102208064784337,0.3281102532106417,3384,0.0,2024-01-17,signup,6,True,EBXDUNOSNI,group1
0.9999999999999999,0.3672309699495373,0.4218560398422536,3385,1.0,2024-01-30,signup,6,False,ZTCCCBRXLY,group1
0.49591413899932213,0.42548852260507486,0.3281102532106417,3389,1.0,2024-01-24,signup,7,True,YAEVFPSRXX,group1
0.0,0.4258743342164668,0.3281102532106417,3392,1.0,2024-01-07,signup,9,False,TZFXDEZAIO,group1
0.3837629823732406,0.5026916116281361,0.2812373598948357,3393,0.0,2024-01-16,signup,1,False,FVMEFVCIYN,group1
0.49591413899932213,0.6099631040434477,0.4218560398422536,3398,0.0,2024-01-11,signup,5,True,OJYRJJXYJD,group1
0.6080652956254038,0.9918350834719543,0.6093476131054775,3409,0.0,2024-01-02,signup,5,False,UGJNOFWVVX,group1
0.3837629823732406,0.6756439507707306,0.23436446657902976,3410,0.0,2024-01-04,signup,7,True,VUHSWNMGHH,group1
0.271611825747159,0.23677902188708932,0.2812373598948357,3414,1.0,2024-01-03,signup,1,False,GDHKLCOAZU,group1
0.3837629823732406,0.4601289723072486,0.7030933997370894,3415,1.0,2024-01-04,signup,4,True,TOWYEVPYHY,group1
0.6080652956254038,0.7325197172655584,0.4687289331580596,3422,1.0,2024-01-11,signup,7,False,CFVVVSWJEO,group1
0.49591413899932213,0.2575747933456909,0.4218560398422536,3424,1.0,2024-01-14,signup,5,True,MLOSPEFBIA,group1
0.7202164522514855,0.4414968590591348,0.9374578663161192,3425,1.0,2024-01-21,signup,1,True,HQMHSACEPR,group1
0.3837629823732406,0.29297793786924764,0.3281102532106417,3429,1.0,2024-01-21,signup,4,True,CIGRZGAIZE,group1
0.15946066912107737,0.23018018409600582,0.5624747197896716,3439,1.0,2024-01-10,signup,2,False,YJBGPEDKZH,group1
0.3837629823732406,0.6059651956392145,0.0937457866316119,3440,0.0,2024-01-29,signup,5,False,ZQFLBOXLGI,group1
0.6080652956254038,0.30921653214138356,0.37498314652644765,3448,1.0,2024-01-16,signup,2,True,AKJLYQPNXV,group1
0.0,0.39418875063901115,0.0937457866316119,3453,0.0,2024-01-04,signup,8,False,CCQBOPRSCA,group1
0.49591413899932213,0.6131336612021325,0.0,3461,0.0,2024-01-15,signup,7,True,LWPKLICTCR,group1
0.49591413899932213,0.6112823125280684,0.8437120796845072,3462,1.0,2024-01-05,signup,7,False,ATZJUIKWHH,group1
0.6080652956254038,0.3576249263936577,0.9843307596319252,3463,1.0,2024-01-13,signup,9,False,GBKUHJVHUS,group1
0.6080652956254038,0.4729163816424844,0.04687289331580596,3470,0.0,2024-01-14,signup,1,True,TNGXBLJHQZ,group1
0.3837629823732406,0.7257380510347531,0.04687289331580596,3478,0.0,2024-01-16,signup,1,False,WZRNPUPQIO,group1
0.271611825747159,0.9407850208703716,0.04687289331580596,3479,0.0,2024-01-30,signup,3,False,KPJFKYPJXI,group1
0.832367608877567,0.5173648203659424,0.5624747197896716,3483,1.0,2024-01-24,signup,9,False,KRZDOUFYVV,group1
0.49591413899932213,0.051501942963122715,0.4687289331580596,3485,1.0,2024-01-03,signup,4,True,FWEZGMZAIE,group1
0.49591413899932213,0.49727633583209707,0.7968391863687013,3491,1.0,2024-01-05,signup,4,False,QPAYSXVIMF,group1
0.9445187655036485,0.47299873960469885,0.5624747197896716,3495,0.0,2024-01-06,signup,2,True,HPUNZBRNVF,group1
0.047309512494995765,0.5519580356308742,0.23436446657902976,3496,1.0,2024-01-30,signup,9,True,CDJQTAQOWJ,group1
0.15946066912107737,0.5072281065771485,0.5156018264738655,3499,1.0,2024-01-11,signup,1,False,KKVIMRXGKV,group1
0.7202164522514855,0.16953631548338244,0.14061867994741786,3504,1.0,2024-01-09,signup,2,True,QPWQRDXMTU,group1
0.6080652956254038,0.6917230191474202,0.8905849730003133,3515,1.0,2024-01-10,signup,8,False,YXUNPEIVKR,group1
0.832367608877567,0.44638960154015583,0.0,3518,0.0,2024-01-19,signup,7,False,CNZYDETMTH,group1
0.6080652956254038,0.7998609288375071,0.0,3523,0.0,2024-01-31,signup,4,False,RVENOBWFUR,group1
0.15946066912107737,0.521996122860175,0.23436446657902976,3532,0.0,2024-01-17,signup,9,True,PPYTVAGSTV,group1
0.832367608877567,0.5509601408683293,0.3281102532106417,3538,1.0,2024-01-11,signup,7,True,GKYCYOPUND,group1
0.9445187655036485,0.0,0.0937457866316119,3542,0.0,2024-01-16,signup,6,False,VTTOIIOXSX,group1
0.047309512494995765,0.39404063439048764,0.6562205064212835,3544,1.0,2024-01-05,signup,6,False,RNPSUXOQQS,group1
0.49591413899932213,0.6056730409878961,0.04687289331580596,3546,0.0,2024-01-23,signup,7,True,ZQKSVRDHFS,group1
0.9445187655036485,0.5534961466148474,0.04687289331580596,3548,0.0,2024-01-04,signup,8,True,EJQXKRGXCK,group1
0.6080652956254038,0.7465461153386532,0.0937457866316119,3554,0.0,2024-01-12,signup,2,True,YRVBVHQFCF,group1
0.9999999999999999,0.39289805245559517,0.0,3564,0.0,2024-01-25,signup,8,False,VBZKNCFPBU,group1
0.3837629823732406,0.8047893893358666,0.0937457866316119,3570,0.0,2024-01-06,signup,9,True,IHGBKFZDVF,group1
0.271611825747159,0.5036998340225569,0.2812373598948357,3571,1.0,2024-01-25,signup,7,True,IQSELTGQOP,group1
0.7202164522514855,0.6042208833901772,0.9374578663161192,3572,1.0,2024-01-30,signup,4,False,PEYTMIAACZ,group1
0.7202164522514855,0.3807559069670692,0.04687289331580596,3575,0.0,2024-01-07,signup,4,False,HILSPTSIYF,group1
0.832367608877567,0.9790782616483682,0.14061867994741786,3579,0.0,2024-01-24,signup,4,False,YKSZGXGEHF,group1
0.271611825747159,0.22076938306370852,0.04687289331580596,3584,0.0,2024-01-17,signup,7,True,KJGJQLCEQL,group1
0.832367608877567,0.09223190065690146,0.2812373598948357,3596,0.0,2024-01-12,signup,6,False,HYENOYJEZK,group1
0.49591413899932213,0.9203033843631299,0.0,3603,0.0,2024-01-13,signup,8,True,VQDJFCGZCG,group1
0.6080652956254038,0.6300407465189983,0.18749157326322383,3611,0.0,2024-01-23,signup,5,True,ZCKJHCTUBT,group1
0.6080652956254038,0.361752041077132,0.6093476131054775,3613,1.0,2024-01-26,signup,2,False,ZNTAATCTJF,group1
0.7202164522514855,0.3407992541512712,0.0937457866316119,3615,0.0,2024-01-12,signup,8,False,NMZITKJSLL,group1
0.3837629823732406,0.12538004024873528,0.0937457866316119,3621,0.0,2024-01-29,signup,7,False,GWVOMKMNVV,group1
0.7202164522514855,0.5498138984697474,0.23436446657902976,3622,0.0,2024-01-13,signup,9,False,WBLJCWRVNA,group1
0.047309512494995765,0.11833132537593727,0.4218560398422536,3624,0.0,2024-01-30,signup,6,False,DDUUCIWXSX,group1
0.832367608877567,0.5290075956978186,0.04687289331580596,3625,0.0,2024-01-23,signup,2,True,JFSDTHYUTZ,group1
0.6080652956254038,0.3331464815217884,0.37498314652644765,3628,1.0,2024-01-28,signup,4,True,VBLGHLMEVE,group1
0.9445187655036485,0.45601914811278954,0.3281102532106417,3631,0.0,2024-01-12,signup,6,True,LMCSWAJNEV,group1
0.3837629823732406,0.6212743120632878,0.04687289331580596,3638,0.0,2024-01-03,signup,5,True,CKBWQKSODK,group1
0.271611825747159,0.21673569889467625,0.9374578663161192,3641,1.0,2024-01-25,signup,5,True,LXDOIEJMIM,group1
0.6080652956254038,0.7436559499618256,0.0,3647,0.0,2024-01-28,signup,8,True,LLHHSYSBZZ,group1
0.832367608877567,0.2857214937441692,0.18749157326322383,3651,0.0,2024-01-03,signup,6,True,ODTTYNSMBK,group1
0.271611825747159,1.0000000000000004,0.4218560398422536,3652,1.0,2024-01-14,signup,4,False,FZWEUIYHNH,group1
0.49591413899932213,0.5030484131365971,0.04687289331580596,3655,0.0,2024-01-25,signup,2,False,EJCNCXBOPW,group1
0.49591413899932213,0.4618744285236174,0.6562205064212835,3661,1.0,2024-01-09,signup,6,True,XOHIXWNCPL,group1
0.49591413899932213,0.1270852687734494,0.5156018264738655,3672,1.0,2024-01-22,signup,6,False,ZIKWQWOVRZ,group1
0.15946066912107737,0.3570581429355837,0.14061867994741786,3675,0.0,2024-01-19,signup,8,False,CELUJDWQTL,group1
0.832367608877567,0.5209489429815832,0.2812373598948357,3677,0.0,2024-01-04,signup,7,True,FOEOLZOFZT,group1
0.6080652956254038,0.36080352386905856,0.37498314652644765,3678,1.0,2024-01-10,signup,7,False,HNCSCUVACM,group1
0.49591413899932213,0.4843229089151335,0.0,3679,0.0,2024-01-27,signup,6,True,VMENIJZZYY,group1
0.047309512494995765,0.4556900860738171,0.3281102532106417,3682,1.0,2024-01-13,signup,7,True,KGQIZKUYSQ,group1
0.271611825747159,0.36746435057830684,0.7030933997370894,3692,1.0,2024-01-03,signup,6,True,NHFILXCBHZ,group1
0.6080652956254038,0.5952081736886399,0.6093476131054775,3693,0.0,2024-01-08,signup,4,True,YHAIDNMWLX,group1
0.271611825747159,0.9574669634128843,0.0937457866316119,3695,0.0,2024-01-04,signup,7,True,VUNWIDSOJT,group1
0.3837629823732406,1.0000000000000004,0.0,3702,0.0,2024-01-25,signup,3,True,ZLRFTHZWTP,group1
0.49591413899932213,0.1579622642032965,0.2812373598948357,3703,1.0,2024-01-12,signup,8,False,SLLWYATCAI,group1
0.6080652956254038,0.8563149655753195,0.6562205064212835,3705,1.0,2024-01-03,signup,2,True,QYSDSNGYBS,group1
0.047309512494995765,0.6774339104279941,0.37498314652644765,3707,0.0,2024-01-26,signup,3,True,XPKYEUTLCU,group1
0.3837629823732406,0.7883938879946779,0.6562205064212835,3711,1.0,2024-01-12,signup,4,True,GWAFNZUXER,group1
0.047309512494995765,0.6453999536437949,0.6562205064212835,3713,1.0,2024-01-15,signup,7,True,BJBCDMUDAU,group1
0.6080652956254038,0.520419277277945,0.0,3717,0.0,2024-01-06,signup,3,True,UZNPIVTKAE,group1
0.49591413899932213,0.555286422775132,0.7968391863687013,3721,1.0,2024-01-24,signup,6,True,EMBHQMSGGF,group1
0.3837629823732406,0.19897739195517739,0.7499662930528953,3722,1.0,2024-01-13,signup,7,False,ZGBEOYTVOQ,group1
0.7202164522514855,0.3778947375070163,0.4218560398422536,3724,0.0,2024-01-07,signup,1,False,EMMIOPZNWO,group1
0.49591413899932213,0.9399345097613869,0.4218560398422536,3726,0.0,2024-01-23,signup,2,True,OLYCSRHMYR,group1
0.3837629823732406,0.3958070479822364,0.4218560398422536,3729,1.0,2024-01-26,signup,5,False,DGTXJMGFUU,group1
0.49591413899932213,0.7692116772217781,0.04687289331580596,3730,0.0,2024-01-04,signup,3,False,PYCJHXCSHI,group1
0.047309512494995765,0.4333984226493146,0.04687289331580596,3734,0.0,2024-01-23,signup,3,True,QUDZNUWIGL,group1
0.047309512494995765,0.48543784724224537,0.0,3735,0.0,2024-01-27,signup,6,True,TCXYHIZXND,group1
0.6080652956254038,0.4027298541472528,0.4218560398422536,3736,1.0,2024-01-11,signup,8,True,XMLOSUAWEN,group1
0.271611825747159,0.162434567713845,0.04687289331580596,3743,0.0,2024-01-25,signup,4,False,FBGNHJCVCB,group1
0.7202164522514855,0.5725589329695588,0.2812373598948357,3747,0.0,2024-01-29,signup,1,True,MQAVKEKNGF,group1
0.9445187655036485,1.0000000000000004,0.6093476131054775,3749,1.0,2024-01-07,signup,6,False,ISAVQQSOWP,group1
0.832367608877567,0.4311070412934601,0.04687289331580596,3765,0.0,2024-01-07,signup,9,False,XEJQVAJUEY,group1
0.3837629823732406,0.335521390043104,0.04687289331580596,3768,0.0,2024-01-13,signup,7,False,QGJPGEOMMY,group1
0.6080652956254038,0.35527540583419004,0.4218560398422536,3770,1.0,2024-01-02,signup,8,True,LBVOYBXDPV,group1
0.832367608877567,0.17105295212498772,0.14061867994741786,3791,0.0,2024-01-19,signup,5,True,DWQGOSXCCE,group1
0.271611825747159,0.8339577651585088,0.8437120796845072,3792,1.0,2024-01-16,signup,2,False,QTCOWPJDOZ,group1
0.3837629823732406,0.42701110554080435,0.04687289331580596,3794,0.0,2024-01-01,signup,8,True,TFSGVRKGOZ,group1
0.6080652956254038,0.6026861975823725,0.23436446657902976,3795,1.0,2024-01-05,signup,3,False,WMZVZJRLDV,group1
0.3837629823732406,0.5607697956281728,0.0,3809,0.0,2024-01-15,signup,5,True,HXGOWEJBDG,group1
0.15946066912107737,0.3792054868079031,0.5156018264738655,3815,1.0,2024-01-08,signup,1,True,DSMDIAUJLE,group1
0.7202164522514855,0.5126907403746293,0.6562205064212835,3817,1.0,2024-01-10,signup,8,False,WTCRSSFHHW,group1
0.271611825747159,0.4281553629302186,1.0,3822,1.0,2024-01-09,signup,8,False,BDSHYGTJZZ,group1
0.49591413899932213,0.7142438069979211,0.37498314652644765,3827,0.0,2024-01-30,signup,1,False,WMYSOCTNLN,group1
0.49591413899932213,0.4540750497243904,0.6093476131054775,3828,1.0,2024-01-08,signup,5,False,GXWCPZVDHC,group1
0.9445187655036485,0.5888420087531006,0.14061867994741786,3831,1.0,2024-01-30,signup,6,True,UEFLVYDCSU,group1
0.3837629823732406,0.6769866963604008,0.7499662930528953,3836,1.0,2024-01-26,signup,3,False,LVNGRTKBEU,group1
0.9999999999999999,0.9146289317173939,0.37498314652644765,3839,1.0,2024-01-13,signup,2,True,IANHMSKHXJ,group1
0.3837629823732406,0.09303098741088656,0.23436446657902976,3841,0.0,2024-01-20,signup,8,True,GRUOPWQOYV,group1
0.49591413899932213,0.41454081703335843,0.0,3842,0.0,2024-01-14,signup,5,True,HSOLKWCTHI,group1
0.6080652956254038,0.3075860439905598,0.8905849730003133,3851,0.0,2024-01-17,signup,3,True,GDDXICGHEH,group1
0.49591413899932213,0.42829836968613444,0.7030933997370894,3853,1.0,2024-01-13,signup,4,False,RVMVGHFUCU,group1
0.7202164522514855,0.372095641230779,0.6562205064212835,3854,1.0,2024-01-24,signup,2,False,ZDUWKBAHTW,group1
0.3837629823732406,0.7253929722881298,0.0937457866316119,3855,0.0,2024-01-24,signup,6,False,JQJJBJRGPP,group1
0.49591413899932213,0.6403256068183203,0.4687289331580596,3857,1.0,2024-01-23,signup,5,False,HOIBWAKOLD,group1
0.6080652956254038,0.5552843097315137,0.2812373598948357,3862,0.0,2024-01-21,signup,5,True,BJABGDADPB,group1
0.15946066912107737,0.31962487247171634,0.0,3863,0.0,2024-01-12,signup,6,True,GXEFOLHTPO,group1
0.6080652956254038,0.2876598798616503,0.5624747197896716,3864,0.0,2024-01-23,signup,6,True,VOSPJOFGNR,group1
0.3837629823732406,0.3566213470076707,0.0,3866,0.0,2024-01-25,signup,4,True,GWEMHRLVWN,group1
0.49591413899932213,0.4109298064928355,0.0937457866316119,3876,0.0,2024-01-06,signup,6,True,CYBJFLAPBI,group1
0.832367608877567,0.06185271490744215,0.6093476131054775,3877,1.0,2024-01-08,signup,9,True,VCNKGSMDCS,group1
0.3837629823732406,0.2668953448024083,0.3281102532106417,3885,1.0,2024-01-27,signup,8,True,GQKGIDELOD,group1
0.49591413899932213,0.5678604623691372,0.23436446657902976,3887,1.0,2024-01-24,signup,8,True,NJATAEIJUD,group1
0.6080652956254038,0.4802711549900054,0.6562205064212835,3890,1.0,2024-01-24,signup,9,True,OEMDTFORCZ,group1
0.3837629823732406,0.4754645341266155,0.37498314652644765,3899,1.0,2024-01-16,signup,8,True,ZUYVBMHCBS,group1
0.49591413899932213,0.22856504550594092,0.0,3900,0.0,2024-01-15,signup,1,False,UKTNYHZETE,group1
0.9445187655036485,0.3577871442606475,0.5624747197896716,3906,1.0,2024-01-19,signup,2,True,RDYHYXSXXN,group1
0.6080652956254038,0.7331691833321039,0.04687289331580596,3907,0.0,2024-01-08,signup,5,True,RLTRZMENQZ,group1
0.15946066912107737,0.3656316660266552,0.7030933997370894,3908,1.0,2024-01-24,signup,5,True,BAEFLAWBAC,group1
0.6080652956254038,0.844185420956062,0.18749157326322383,3911,0.0,2024-01-05,signup,1,False,OQRFLSESKS,group1
0.15946066912107737,0.6036939708526816,0.0,3912,0.0,2024-01-18,signup,9,False,JDFCCVVXIH,group1
0.271611825747159,0.42444771327804887,0.7030933997370894,3919,1.0,2024-01-31,signup,1,False,VZEWEVCVSO,group1
0.9445187655036485,1.0000000000000004,0.0937457866316119,3921,0.0,2024-01-11,signup,3,False,LFOFQGPAZR,group1
0.271611825747159,0.2709526486165519,0.37498314652644765,3927,1.0,2024-01-15,signup,6,False,UBPLNTHUZX,group1
0.49591413899932213,0.16972985438460952,0.4687289331580596,3928,1.0,2024-01-25,signup,7,False,YZKWCMVGVO,group1
0.7202164522514855,0.5744878208989261,0.18749157326322383,3938,0.0,2024-01-11,signup,4,True,COCWCZCONN,group1
0.3837629823732406,0.5434146678269856,0.0,3948,0.0,2024-01-11,signup,5,False,BMQGCCZBEB,group1
0.6080652956254038,0.3811221621881091,0.04687289331580596,3954,0.0,2024-01-17,signup,3,True,BZSPGCIHEB,group1
0.15946066912107737,0.7318626406762201,0.0,3958,0.0,2024-01-07,signup,9,False,XFZRAHQYZT,group1
0.3837629823732406,0.796993542198952,0.23436446657902976,3964,0.0,2024-01-09,signup,3,True,CWDPPGXZCV,group1
0.047309512494995765,0.9212300415703716,0.23436446657902976,3967,0.0,2024-01-09,signup,8,False,MQLWZAUPFM,group1
0.047309512494995765,0.04917986188787893,0.3281102532106417,3971,1.0,2024-01-03,signup,5,False,LCPVQHWXGP,group1
0.271611825747159,0.4404829527623524,0.0937457866316119,3974,0.0,2024-01-19,signup,6,False,LHTJMPCUTS,group1
0.49591413899932213,0.7175371721148962,0.2812373598948357,3977,1.0,2024-01-07,signup,2,False,IENDWPLOWC,group1
0.49591413899932213,0.20725497500983714,0.04687289331580596,3979,0.0,2024-01-07,signup,3,True,WDCVWVFQAL,group1
0.3837629823732406,0.5980591923188334,0.0,3982,0.0,2024-01-13,signup,7,True,PNELBTOBOV,group1
0.7202164522514855,0.22141592035303947,0.0,3983,0.0,2024-01-03,signup,5,False,GRFLLGXKFI,group1
0.49591413899932213,0.0,0.4218560398422536,3989,1.0,2024-01-16,signup,1,False,IWFLKDLAPJ,group1
0.271611825747159,0.3370151875167249,0.0,3995,0.0,2024-01-01,signup,7,True,BSCHNVVTQI,group1
0.271611825747159,0.7900020933181797,0.23436446657902976,4000,1.0,2024-01-12,signup,5,False,TUYGXSKAKG,group1
0.3837629823732406,0.5221517129416298,0.0,4005,0.0,2024-01-18,signup,8,False,DICEOFHERD,group1
0.3837629823732406,0.44964321784737216,0.0937457866316119,4010,0.0,2024-01-14,signup,4,False,NHFOZRJPHH,group1
0.15946066912107737,0.1677272607930349,0.0937457866316119,4015,0.0,2024-01-09,signup,8,False,SFHIUFVTDB,group1
0.3837629823732406,0.6980502607731962,0.2812373598948357,4016,1.0,2024-01-20,signup,3,True,FKSGHUUQQW,group1
0.49591413899932213,0.4722306006961512,0.6562205064212835,4022,1.0,2024-01-19,signup,3,False,JOMHBVOZBU,group1
0.271611825747159,0.9121887721263104,0.5624747197896716,4024,1.0,2024-01-09,signup,3,True,MEPQIJCKNY,group1
0.3837629823732406,0.3141426258867348,1.0,4030,1.0,2024-01-10,signup,4,False,UVUGCCQAPY,group1
0.9445187655036485,0.653511367368802,0.37498314652644765,4037,1.0,2024-01-10,signup,1,False,NDLGEQAYOY,group1
0.832367608877567,0.4743270548551677,0.7968391863687013,4038,1.0,2024-01-14,signup,2,False,MQMFGWOUED,group1
0.49591413899932213,0.8533565129275487,0.0,4042,0.0,2024-01-29,signup,9,False,UDVAEYYGKV,group1
0.49591413899932213,0.44038834786646053,0.6562205064212835,4047,1.0,2024-01-06,signup,6,False,BOKAWMIRXF,group1
0.7202164522514855,0.7439123483504169,1.0,4048,1.0,2024-01-12,signup,4,False,NBXLXBSLMZ,group1
0.49591413899932213,0.28355915388709363,0.7030933997370894,4071,1.0,2024-01-04,signup,6,True,HQBUKMOFEG,group1
0.6080652956254038,0.7963176609857192,0.9843307596319252,4075,1.0,2024-01-04,signup,5,True,RZUOTNOVKF,group1
0.7202164522514855,0.47837066286455077,0.7499662930528953,4076,0.0,2024-01-31,signup,5,False,KEXKYLQNPR,group1
0.49591413899932213,0.3852800490141166,0.0,4077,0.0,2024-01-30,signup,2,False,GBOQQZTFHB,group1
0.7202164522514855,0.5876153545432108,0.0,4079,0.0,2024-01-29,signup,8,True,VJERIFVDJQ,group1
0.3837629823732406,0.6193740121689868,0.4218560398422536,4088,1.0,2024-01-19,signup,6,True,ZEVIDAWEUO,group1
0.9445187655036485,0.4617712523657098,0.14061867994741786,4096,0.0,2024-01-23,signup,9,True,VCXQRWUNDL,group1
0.6080652956254038,0.49965042063674625,0.0,4098,0.0,2024-01-31,signup,5,True,LEYQVNCRUV,group1
0.3837629823732406,0.3020476737141271,0.0937457866316119,4103,0.0,2024-01-05,signup,3,True,DWJNPCVIRB,group1
0.047309512494995765,0.9254155707167073,0.18749157326322383,4104,0.0,2024-01-09,signup,2,False,GQUNZKDSBV,group1
0.6080652956254038,0.5259475594818928,0.8905849730003133,4109,1.0,2024-01-31,signup,8,True,HXPASTZDXZ,group1
0.271611825747159,0.5006098609737841,0.04687289331580596,4115,0.0,2024-01-30,signup,4,True,CJVHKBASLT,group1
0.6080652956254038,0.8038665817349089,0.5156018264738655,4117,0.0,2024-01-18,signup,3,True,GELHLRACUF,group1
0.271611825747159,0.36927074206010113,0.4687289331580596,4121,1.0,2024-01-05,signup,2,True,HVQIUSLAKH,group1
0.9999999999999999,0.24364997015585654,0.4218560398422536,4122,1.0,2024-01-23,signup,2,True,TRHILNUMZI,group1
0.49591413899932213,0.30282553626380926,0.4687289331580596,4126,1.0,2024-01-11,signup,5,False,EQBWITRHIZ,group1
0.3837629823732406,0.4475003477411108,0.23436446657902976,4136,1.0,2024-01-06,signup,6,True,VGOIEBGGHT,group1
0.3837629823732406,0.4940677644232605,0.5156018264738655,4142,0.0,2024-01-18,signup,5,True,QCJSGCOKGT,group1
0.047309512494995765,0.7269680376792143,0.14061867994741786,4146,0.0,2024-01-15,signup,2,True,PGYLZDVAYV,group1
0.3837629823732406,0.6305314237952953,0.0937457866316119,4151,0.0,2024-01-18,signup,3,True,RPCBUHERIS,group1
0.271611825747159,0.5318506847586155,0.5156018264738655,4154,0.0,2024-01-23,signup,4,True,KOBMKCQQFU,group1
0.9999999999999999,0.03967122699164527,0.7499662930528953,4157,1.0,2024-01-11,signup,8,True,AIEGGEZJQZ,group1
0.6080652956254038,0.6151688666851651,0.8905849730003133,4160,1.0,2024-01-25,signup,6,True,KPIEBHQEZO,group1
0.832367608877567,0.6915070188417669,0.2812373598948357,4162,1.0,2024-01-25,signup,2,True,KCJFHPOGNS,group1
0.15946066912107737,0.7016787354753569,0.3281102532106417,4165,0.0,2024-01-08,signup,1,True,BTCIBDXITO,group1
0.49591413899932213,0.7889349414786957,0.14061867994741786,4166,0.0,2024-01-21,signup,1,False,DGZOLTZPYY,group1
0.832367608877567,0.4955423521239224,0.14061867994741786,4167,0.0,2024-01-14,signup,2,False,KGALJSISUB,group1
0.7202164522514855,0.34143457850927383,0.0937457866316119,4169,0.0,2024-01-16,signup,8,False,AFRHWOMSUN,group1
0.832367608877567,0.42573009511688076,0.04687289331580596,4170,0.0,2024-01-06,signup,4,True,EGLPETTXMS,group1
0.49591413899932213,0.8372727762488519,0.6093476131054775,4176,1.0,2024-01-05,signup,5,True,CDPRIHODCC,group1
0.7202164522514855,0.07733937018901704,0.6562205064212835,4177,1.0,2024-01-05,signup,2,False,FDRSCXIBBX,group1
0.6080652956254038,0.5996093803504579,0.4218560398422536,4185,1.0,2024-01-16,signup,5,True,ANMRFMEGKW,group1
0.832367608877567,0.5855890194484661,0.8905849730003133,4190,1.0,2024-01-31,signup,9,True,IZCLJSFDQN,group1
0.271611825747159,0.6845107740753202,0.04687289331580596,4196,0.0,2024-01-08,signup,7,False,BKNMMLKNGV,group1
0.047309512494995765,0.5296152452597283,0.37498314652644765,4199,1.0,2024-01-07,signup,2,False,BIAZHJUHGM,group1
0.271611825747159,0.4017735755808758,0.3281102532106417,4200,1.0,2024-01-07,signup,5,True,EHOPLGYDIS,group1
0.49591413899932213,0.16873262489267127,0.4687289331580596,4204,0.0,2024-01-11,signup,6,True,FHFZVKQTFQ,group1
0.6080652956254038,0.38589550468657263,0.18749157326322383,4205,0.0,2024-01-15,signup,1,True,PFZRWWMCVP,group1
0.271611825747159,0.5841649700405132,0.6562205064212835,4206,1.0,2024-01-09,signup,7,True,QXMLVBJSTM,group1
0.7202164522514855,0.6754618973317492,0.04687289331580596,4208,0.0,2024-01-11,signup,4,True,BATUWIYLQE,group1
0.6080652956254038,0.6750717747650916,0.23436446657902976,4209,0.0,2024-01-06,signup,8,False,LMNRFBAMSB,group1
0.15946066912107737,0.9914923019741653,0.3281102532106417,4213,0.0,2024-01-20,signup,5,False,QIBQBDUORX,group1
0.832367608877567,0.5401139807707973,0.04687289331580596,4216,0.0,2024-01-18,signup,1,False,KELUEVBBSM,group1
0.15946066912107737,0.916228508702329,0.5624747197896716,4225,1.0,2024-01-22,signup,2,False,JBXZNTYONW,group1
0.3837629823732406,0.8499071084174692,0.6562205064212835,4240,1.0,2024-01-28,signup,7,True,SIOXCOJDPW,group1
0.7202164522514855,0.4981835491419728,0.0,4244,0.0,2024-01-21,signup,8,False,QESPPTVRPO,group1
0.49591413899932213,0.6773532251880163,0.14061867994741786,4247,0.0,2024-01-07,signup,5,False,MPTVDVPJEP,group1
0.6080652956254038,0.7818795724608281,0.7030933997370894,4252,0.0,2024-01-01,signup,8,True,YMVHSEWMYW,group1
0.6080652956254038,0.5756250541625292,0.37498314652644765,4253,1.0,2024-01-11,signup,7,False,QNCQDDFNVW,group1
0.3837629823732406,0.96643359830064,1.0,4268,1.0,2024-01-30,signup,3,False,CACUQOBFTN,group1
0.6080652956254038,0.6916441924284857,0.37498314652644765,4270,1.0,2024-01-31,signup,9,False,SVZOCGLGJQ,group1
0.9999999999999999,0.4084400582130181,0.04687289331580596,4282,0.0,2024-01-03,signup,2,False,NFOTGMBOHM,group1
0.3837629823732406,0.9043766433892824,0.7030933997370894,4286,1.0,2024-01-13,signup,6,True,EIJXFNUKAB,group1
0.49591413899932213,0.040065208932668295,0.3281102532106417,4288,0.0,2024-01-31,signup,7,False,AQWDAKSOVU,group1
0.832367608877567,0.5110385804244051,0.0937457866316119,4297,0.0,2024-01-23,signup,4,True,KNTLJEPMSV,group1
0.9445187655036485,0.8866840142237726,0.5156018264738655,4299,1.0,2024-01-24,signup,8,True,MEOQYCBNEH,group1
0.49591413899932213,0.1997032588097727,0.0937457866316119,4305,0.0,2024-01-31,signup,8,True,VZFEYUGVWT,group1
0.271611825747159,0.7158884822523315,0.14061867994741786,4306,0.0,2024-01-15,signup,9,False,IWXFXKVIIE,group1
0.3837629823732406,0.4512423438049029,0.6562205064212835,4308,1.0,2024-01-09,signup,2,True,GJTQDARNQY,group1
0.49591413899932213,0.5519145854537122,0.9374578663161192,4316,1.0,2024-01-09,signup,1,False,ASFMLLWFAX,group1
0.49591413899932213,0.8403416415516163,0.6562205064212835,4321,1.0,2024-01-14,signup,4,False,JPFHRDTNBT,group1
0.49591413899932213,0.0,0.9374578663161192,4322,1.0,2024-01-16,signup,6,True,RQVXVESISM,group1
0.15946066912107737,0.3986018204412991,0.4687289331580596,4326,0.0,2024-01-29,signup,8,False,IKTJZLFZBL,group1
0.7202164522514855,0.8695146718503595,0.3281102532106417,4328,0.0,2024-01-15,signup,4,False,TIMEKZZXDN,group1
0.49591413899932213,0.8967313763143596,0.5156018264738655,4329,1.0,2024-01-28,signup,7,True,JETKYIUQUT,group1
0.271611825747159,0.4811802777699916,0.0,4338,0.0,2024-01-18,signup,6,True,MFDUAODPLQ,group1
0.7202164522514855,0.8873965382464579,0.23436446657902976,4339,0.0,2024-01-13,signup,3,True,POJGFWFGMP,group1
0.3837629823732406,0.610442453937766,0.0937457866316119,4340,0.0,2024-01-22,signup,7,True,KNOVNLEFXE,group1
0.49591413899932213,0.047350994690036785,0.8905849730003133,4342,1.0,2024-01-14,signup,2,True,UNOUZZVWBD,group1
0.49591413899932213,0.9864844829708068,0.7030933997370894,4346,1.0,2024-01-21,signup,1,True,XGRXEJYMAW,group1
0.7202164522514855,0.7586819708795338,1.0,4348,1.0,2024-01-04,signup,3,False,GPZQGUPFJL,group1
0.6080652956254038,0.20808489005624153,0.4218560398422536,4356,0.0,2024-01-18,signup,5,True,DSQIAWGTPE,group1
0.7202164522514855,0.2673289561554797,0.5624747197896716,4358,1.0,2024-01-04,signup,3,True,GQSYXAOGVB,group1
0.49591413899932213,0.8059057134863354,1.0,4362,1.0,2024-01-10,signup,3,False,NVVRXUKPMR,group1
0.7202164522514855,0.34493604193107696,0.5624747197896716,4363,1.0,2024-01-23,signup,2,False,DEGZJMUPSD,group1
0.832367608877567,0.744838668157068,0.0937457866316119,4364,0.0,2024-01-28,signup,2,True,VLILDSMGRB,group1
0.49591413899932213,0.5247122260400578,0.2812373598948357,4370,0.0,2024-01-18,signup,8,True,RJWJAHXEVP,group1
0.271611825747159,0.560902375404809,0.0,4371,0.0,2024-01-27,signup,6,False,QXHHHZPIQV,group1
0.271611825747159,0.6146800164277604,0.18749157326322383,4375,0.0,2024-01-24,signup,6,True,MWRKRZGTPS,group1
0.49591413899932213,0.7167892624065919,0.37498314652644765,4382,1.0,2024-01-16,signup,9,True,NJYZFFKUGS,group1
0.49591413899932213,0.6745957721893259,0.37498314652644765,4383,1.0,2024-01-09,signup,4,True,KXFGKWWOBU,group1
0.047309512494995765,0.40694813329928703,0.04687289331580596,4388,0.0,2024-01-16,signup,6,False,ZBOKUFMDKQ,group1
0.49591413899932213,0.7490129832064456,0.04687289331580596,4389,0.0,2024-01-23,signup,7,True,CBXMLAOIOT,group1
0.3837629823732406,0.16333860371381093,0.04687289331580596,4390,0.0,2024-01-06,signup,6,True,IMSTNKMAYE,group1
0.3837629823732406,0.4981454813395838,0.3281102532106417,4392,1.0,2024-01-23,signup,5,False,FJIBTNGVFQ,group1
0.3837629823732406,0.6299702627119137,1.0,4401,1.0,2024-01-12,signup,7,False,HRMYUNYBSF,group1
0.3837629823732406,0.5614221688336873,0.0937457866316119,4403,0.0,2024-01-28,signup,1,True,VLWURMMMEP,group1
0.3837629823732406,0.3263156601123982,0.6093476131054775,4409,1.0,2024-01-26,signup,6,True,UJZRSXHKRH,group1
0.3837629823732406,0.33561744857442166,0.04687289331580596,4410,0.0,2024-01-12,signup,4,True,HSULWPWXUQ,group1
0.832367608877567,0.4060415322555926,0.37498314652644765,4414,0.0,2024-01-30,signup,7,False,YEDKKQPOOE,group1
0.271611825747159,0.3866345924554082,0.18749157326322383,4415,0.0,2024-01-29,signup,9,False,CEHMACKJTM,group1
0.6080652956254038,0.5068493364895277,0.04687289331580596,4418,0.0,2024-01-28,signup,7,False,LPPRLFLFIS,group1
0.6080652956254038,0.7474257536859108,0.18749157326322383,4420,0.0,2024-01-31,signup,8,False,DFQJENGJJL,group1
0.3837629823732406,0.6241995217967786,0.3281102532106417,4423,1.0,2024-01-19,signup,2,True,EQRKYOSSEM,group1
0.6080652956254038,0.17193446532498413,0.18749157326322383,4429,1.0,2024-01-09,signup,4,False,UVSZGNITOF,group1
0.3837629823732406,0.6287425424456758,0.7968391863687013,4431,1.0,2024-01-27,signup,1,False,JZCHAPKENI,group1
0.271611825747159,0.468058092779418,0.3281102532106417,4433,1.0,2024-01-21,signup,5,True,HCREGJQJFB,group1
0.832367608877567,0.7017051314759435,0.0,4439,0.0,2024-01-23,signup,6,False,AVJPLTKLOI,group1
0.271611825747159,0.31150314110895394,0.0937457866316119,4442,0.0,2024-01-21,signup,8,False,PYHUXIRHZR,group1
0.15946066912107737,0.31501585742255944,0.23436446657902976,4444,0.0,2024-01-12,signup,6,False,DVOJNYDAEA,group1
0.7202164522514855,0.24208555536705134,0.0,4448,0.0,2024-01-18,signup,5,False,OYMMSPYYXE,group1
0.49591413899932213,0.38500851868937147,0.5156018264738655,4449,1.0,2024-01-14,signup,1,True,OYGKIINUAW,group1
0.49591413899932213,0.7875692784433945,0.6093476131054775,4451,1.0,2024-01-28,signup,8,True,WPMLBZYYTW,group1
0.7202164522514855,0.7616136576023087,0.14061867994741786,4457,0.0,2024-01-31,signup,2,True,CBSTKJVEMD,group1
0.9999999999999999,0.5106789534623539,0.0937457866316119,4458,0.0,2024-01-02,signup,4,False,VKGWFOFWLM,group1
0.49591413899932213,0.5591846569232741,0.23436446657902976,4459,1.0,2024-01-19,signup,1,False,QKMWPKJNTX,group1
0.49591413899932213,0.7790905367272245,0.3281102532106417,4465,0.0,2024-01-21,signup,8,True,HDFHPVKFSU,group1
0.9999999999999999,0.4000872891326006,0.37498314652644765,4472,0.0,2024-01-31,signup,9,False,DUHGAKGTMI,group1
0.49591413899932213,0.5322599374529515,0.9374578663161192,4474,1.0,2024-01-16,signup,3,True,MBICZRJSZF,group1
0.3837629823732406,0.8634637668041716,0.0937457866316119,4475,0.0,2024-01-15,signup,3,False,PCEKGPOVCA,group1
0.9999999999999999,0.6535706305799969,0.9843307596319252,4478,1.0,2024-01-23,signup,9,False,HESHWYIAVV,group1
0.49591413899932213,0.8063231899496057,0.04687289331580596,4481,0.0,2024-01-13,signup,1,False,SAKUUURMJB,group1
0.271611825747159,1.0000000000000004,0.4218560398422536,4482,1.0,2024-01-05,signup,2,True,XLEMVIZGQX,group1
0.6080652956254038,0.0,0.0937457866316119,4484,0.0,2024-01-16,signup,6,False,ZNXTPMBBCF,group1
0.49591413899932213,0.6274698207661569,0.6562205064212835,4489,1.0,2024-01-15,signup,9,True,BHGFXSMMSW,group1
0.832367608877567,0.4616325454151089,0.0937457866316119,4490,0.0,2024-01-24,signup,9,False,ASVDFOXQWI,group1
0.3837629823732406,0.4935812576742902,0.4218560398422536,4493,1.0,2024-01-09,signup,6,False,YBHCUBLZYK,group1
0.271611825747159,0.584381765581635,0.4218560398422536,4497,0.0,2024-01-20,signup,2,False,ZDEXQKJRXG,group1
0.9999999999999999,0.39533002271623596,0.14061867994741786,4499,0.0,2024-01-23,signup,5,False,EGRXHBBJAW,group1
0.3837629823732406,0.7269347623032054,0.0,4502,0.0,2024-01-10,signup,6,True,AEGDZBQHKR,group1
0.3837629823732406,0.4961640411672583,0.0,4505,0.0,2024-01-01,signup,1,False,LUTOZVEDMC,group1
0.7202164522514855,0.6231162882224277,0.6562205064212835,4508,1.0,2024-01-06,signup,1,True,PFDHLWODLA,group1
0.271611825747159,0.0,0.37498314652644765,4509,1.0,2024-01-19,signup,1,False,XGEMDIGZSE,group1
0.15946066912107737,0.6129539121320837,0.14061867994741786,4511,0.0,2024-01-02,signup,9,True,QRARSJAADR,group1
0.271611825747159,0.1095324597201004,0.2812373598948357,4516,1.0,2024-01-04,signup,3,False,BDMHEGMOLF,group1
0.49591413899932213,0.3543777392231293,0.23436446657902976,4518,0.0,2024-01-01,signup,1,True,QGYNDWIBRZ,group1
0.271611825747159,0.5791663217893563,0.7030933997370894,4521,1.0,2024-01-18,signup,4,True,HBETTGEYHR,group1
0.6080652956254038,0.6768336138728861,0.4218560398422536,4522,1.0,2024-01-16,signup,1,True,JOBXAGMXRO,group1
0.271611825747159,0.4161230825900093,0.5624747197896716,4526,1.0,2024-01-02,signup,6,False,URQKOWQDRJ,group1
0.832367608877567,0.38224987579725056,0.5156018264738655,4535,1.0,2024-01-10,signup,4,True,BLCQHUCGJI,group1
0.7202164522514855,0.14166556943445308,0.6093476131054775,4545,1.0,2024-01-22,signup,8,True,TLBVFTMBPN,group1
0.271611825747159,0.7077259933439959,0.23436446657902976,4553,1.0,2024-01-14,signup,9,False,XGJLIYOJTW,group1
0.3837629823732406,0.6108833311742519,0.37498314652644765,4558,1.0,2024-01-03,signup,3,False,XQAGOWBZJU,group1
0.49591413899932213,0.11911895186707344,0.6093476131054775,4562,1.0,2024-01-08,signup,2,True,KKUOYYYMXM,group1
0.3837629823732406,0.3223412684836431,0.23436446657902976,4567,0.0,2024-01-07,signup,9,True,GWORPODTYF,group1
0.7202164522514855,0.4226089132075055,0.23436446657902976,4569,1.0,2024-01-14,signup,7,False,IVTHIZQWYS,group1
0.271611825747159,0.6551332088882278,1.0,4571,1.0,2024-01-26,signup,3,True,XUHJJUYYSG,group1
0.15946066912107737,0.017656081773679055,0.04687289331580596,4577,0.0,2024-01-06,signup,6,True,RTKXUYGATG,group1
0.49591413899932213,0.19644475276261586,0.7499662930528953,4579,1.0,2024-01-05,signup,8,True,URFJCBHCVR,group1
0.832367608877567,0.41875795471033017,0.18749157326322383,4586,0.0,2024-01-11,signup,8,True,ALFDMXVQXB,group1
0.49591413899932213,0.4030767705228624,0.5156018264738655,4589,1.0,2024-01-03,signup,5,False,RVGNCLYCFL,group1
0.271611825747159,0.21678622406292458,0.9374578663161192,4605,1.0,2024-01-11,signup,9,True,VRXWOIKQNB,group1
0.3837629823732406,0.3828218029058723,0.14061867994741786,4610,0.0,2024-01-31,signup,3,True,SREGHYSIQZ,group1
0.49591413899932213,0.5783515173201503,0.0,4611,0.0,2024-01-29,signup,3,False,WTBXOREYRJ,group1
0.271611825747159,0.568121028802274,0.3281102532106417,4614,0.0,2024-01-26,signup,5,False,DUCXIBGBHD,group1
0.047309512494995765,0.44230898035923083,0.04687289331580596,4615,0.0,2024-01-02,signup,3,True,NVWFHSQAJU,group1
0.6080652956254038,0.14104706248740673,0.6562205064212835,4624,1.0,2024-01-10,signup,1,True,JNQQPOSROK,group1
0.3837629823732406,0.4838164842529551,0.7968391863687013,4640,1.0,2024-01-05,signup,5,False,ZZENJKIQTY,group1
0.15946066912107737,0.20104695013662566,0.0,4641,0.0,2024-01-08,signup,8,True,SJHLDZXIIV,group1
0.271611825747159,0.18675003599479556,0.7499662930528953,4642,1.0,2024-01-23,signup,6,True,QQWNIGXFKP,group1
0.15946066912107737,0.16242526314389272,0.2812373598948357,4650,0.0,2024-01-13,signup,5,True,MCFWIOWYZZ,group1
0.832367608877567,0.12328085261011301,0.9843307596319252,4653,1.0,2024-01-10,signup,7,False,NGXJHYQSSD,group1
0.832367608877567,0.8382197299857252,0.4218560398422536,4661,1.0,2024-01-30,signup,4,True,FGDHDPBTNU,group1
0.9999999999999999,0.2446016689539836,0.6093476131054775,4663,1.0,2024-01-19,signup,6,False,UJWHIBMDAD,group1
0.832367608877567,0.5723352667039014,0.7968391863687013,4666,0.0,2024-01-08,signup,9,False,GMXEAQAOAY,group1
0.3837629823732406,0.6620340618432854,0.7030933997370894,4672,1.0,2024-01-08,signup,4,True,TRRFHUEWTD,group1
0.3837629823732406,0.6561303447491467,0.23436446657902976,4674,0.0,2024-01-27,signup,4,False,None,group1
0.49591413899932213,0.30454589141747723,0.04687289331580596,4676,0.0,2024-01-04,signup,3,True,YWYNMSWZMC,group1
0.832367608877567,0.39727912122006925,0.37498314652644765,4679,1.0,2024-01-29,signup,7,True,EOHPOGBRVK,group1
0.15946066912107737,0.3376845096311567,0.0937457866316119,4680,0.0,2024-01-16,signup,7,False,JPXOFLDFBY,group1
0.832367608877567,0.9081952049943682,0.23436446657902976,4681,0.0,2024-01-26,signup,7,True,LQJXISEDOF,group1
0.3837629823732406,0.8524444528936233,0.0,4683,0.0,2024-01-05,signup,3,False,YLNMDXFHRD,group1
0.271611825747159,0.3895223270257291,0.0937457866316119,4704,0.0,2024-01-14,signup,1,True,DEXIQJBGBQ,group1
0.3837629823732406,0.737370555964755,0.18749157326322383,4707,0.0,2024-01-05,signup,7,False,SHXLGEIWRT,group1
0.271611825747159,0.8078195725599024,0.0,4710,0.0,2024-01-10,signup,5,False,KEUBNAMPVY,group1
0.6080652956254038,0.3037834402039441,0.37498314652644765,4716,1.0,2024-01-14,signup,1,True,HUGEGAFJMC,group1
0.271611825747159,0.6043570556833937,0.18749157326322383,4718,0.0,2024-01-28,signup,8,False,KLKHGUSGBG,group1
0.9445187655036485,0.5624556802753329,0.14061867994741786,4721,0.0,2024-01-17,signup,6,False,CPJESSEHWT,group1
0.3837629823732406,0.7672591493153185,0.37498314652644765,4722,0.0,2024-01-27,signup,3,True,GNJDENWRYK,group1
0.3837629823732406,0.5599838862308366,0.37498314652644765,4726,1.0,2024-01-18,signup,6,True,PTABUBMLDE,group1
0.271611825747159,0.45346014756999686,0.5624747197896716,4730,0.0,2024-01-01,signup,1,True,WOOEJRSGNW,group1
0.7202164522514855,0.8224985206526219,0.04687289331580596,4734,0.0,2024-01-03,signup,7,False,NNERVZISQU,group1
0.271611825747159,0.6081221107947479,0.5624747197896716,4744,0.0,2024-01-05,signup,4,True,YEWTFMGSMN,group1
0.7202164522514855,0.8283965677303797,0.0,4745,0.0,2024-01-25,signup,4,False,BUCJOWBXEF,group1
0.3837629823732406,0.05255664055531328,0.04687289331580596,4748,0.0,2024-01-13,signup,5,True,PIUXVGAENR,group1
0.3837629823732406,0.601441964715391,0.2812373598948357,4753,1.0,2024-01-30,signup,4,True,LXJQJDBLOC,group1
0.271611825747159,0.2461846311023348,0.0,4758,0.0,2024-01-11,signup,5,True,NEISPEWQSX,group1
0.49591413899932213,0.49049340201636893,0.4218560398422536,4762,1.0,2024-01-23,signup,1,False,QTDLLGHVKB,group1
0.9999999999999999,0.654825279575026,0.04687289331580596,4763,0.0,2024-01-26,signup,8,False,HMFVZCVRFY,group1
0.49591413899932213,0.3981806853388674,0.2812373598948357,4772,0.0,2024-01-16,signup,2,False,ZSUEEXLUDD,group1
0.6080652956254038,0.5625614558709304,0.5156018264738655,4779,0.0,2024-01-07,signup,7,True,FYUWNVBNKH,group1
0.047309512494995765,0.6273504764971154,0.9374578663161192,4786,1.0,2024-01-22,signup,3,False,AYFZBCRVKX,group1
0.15946066912107737,0.46866462644644535,0.5624747197896716,4787,1.0,2024-01-14,signup,9,False,XVQZAIRUWU,group1
0.3837629823732406,0.444436109664053,0.04687289331580596,4788,0.0,2024-01-11,signup,4,False,LVOUIOVNZB,group1
0.3837629823732406,0.2880504751738724,0.04687289331580596,4792,0.0,2024-01-28,signup,3,False,LHDDDWNKPF,group1
0.3837629823732406,0.8209184158214504,0.4687289331580596,4799,1.0,2024-01-16,signup,8,True,FIQMFJMXFQ,group1
0.271611825747159,0.4092749650125458,0.14061867994741786,4803,0.0,2024-01-04,signup,1,False,OSETZJLPEQ,group1
0.49591413899932213,0.7042137591436504,0.5624747197896716,4805,1.0,2024-01-25,signup,1,False,GHWGFOBAFC,group1
0.832367608877567,0.6657392938191609,0.4687289331580596,4808,0.0,2024-01-16,signup,1,True,MFZTCBDXMA,group1
0.49591413899932213,0.46442996491458377,0.0,4810,0.0,2024-01-22,signup,1,False,MGRGVHVFZA,group1
0.271611825747159,0.5394275677283034,0.14061867994741786,4812,0.0,2024-01-04,signup,7,True,ACXCBUSBJL,group1
0.9999999999999999,0.4784269191931223,0.7968391863687013,4814,1.0,2024-01-20,signup,1,True,CBRIAYNGFL,group1
0.6080652956254038,0.6461989042880076,0.7499662930528953,4815,1.0,2024-01-26,signup,8,True,ZJUGXVVUWO,group1
0.7202164522514855,0.5556408489487255,0.23436446657902976,4817,1.0,2024-01-24,signup,7,True,ZILCLVQPLG,group1
0.832367608877567,0.4063306341720585,0.7030933997370894,4818,1.0,2024-01-26,signup,3,True,QYWVCWTIJX,group1
0.49591413899932213,0.5402195641622511,0.0,4820,0.0,2024-01-24,signup,9,True,JLTAHGPYCD,group1
0.49591413899932213,0.03985768005268442,0.3281102532106417,4821,0.0,2024-01-09,signup,9,True,LPESJXIBLB,group1
0.7202164522514855,0.507272376841073,1.0,4824,1.0,2024-01-17,signup,4,False,DPPVGLIHPY,group1
0.3837629823732406,0.2861070079119803,0.3281102532106417,4830,1.0,2024-01-31,signup,5,False,RKEGOKJKFH,group1
0.6080652956254038,0.8954006827653265,0.0,4833,0.0,2024-01-20,signup,1,False,JGSJSMDCQM,group1
0.3837629823732406,0.5347990164512697,0.23436446657902976,4836,0.0,2024-01-11,signup,6,True,GWJPJOXKXH,group1
0.832367608877567,0.5596473024455997,0.0,4842,0.0,2024-01-16,signup,3,True,CVKVGJEZHP,group1
0.9445187655036485,0.4514036086459816,0.0937457866316119,4843,0.0,2024-01-03,signup,4,True,AWIIFECOAC,group1
0.271611825747159,0.5632661156492769,0.14061867994741786,4847,0.0,2024-01-16,signup,9,False,FXUMCHXGDR,group1
0.3837629823732406,0.5781066075571499,0.18749157326322383,4855,0.0,2024-01-29,signup,2,False,SGXWRRJRKU,group1
0.271611825747159,0.384888201252386,0.7499662930528953,4856,0.0,2024-01-13,signup,6,True,XDFCAGMMHJ,group1
0.15946066912107737,0.0,0.4687289331580596,4857,1.0,2024-01-16,signup,6,False,SKHJAYCLJR,group1
0.3837629823732406,0.26147285028351064,1.0,4860,1.0,2024-01-27,signup,8,True,LZWPUGKLON,group1
0.15946066912107737,0.9132916794909764,0.0937457866316119,4862,0.0,2024-01-15,signup,2,False,OOUKVNTQKI,group1
0.832367608877567,0.4513161337928837,1.0,4869,1.0,2024-01-09,signup,6,False,YPPFACAGRP,group1
0.7202164522514855,0.39863369149556815,0.2812373598948357,4875,1.0,2024-01-17,signup,7,True,CVDLNKPPCO,group1
0.3837629823732406,0.2090077541379931,1.0,4876,1.0,2024-01-05,signup,6,False,YUXIGLBVCB,group1
0.9445187655036485,0.18733111436472427,0.04687289331580596,4880,0.0,2024-01-28,signup,6,True,WTUYXMJCLQ,group1
0.49591413899932213,0.34555323159030227,0.0,4883,0.0,2024-01-03,signup,4,False,CXCLACMHPP,group1
0.9999999999999999,0.5508926327406942,0.2812373598948357,4884,0.0,2024-01-08,signup,2,True,AWVISZDZIR,group1
0.9445187655036485,0.18978695796316059,0.8437120796845072,4885,1.0,2024-01-22,signup,8,False,ZHKZXJINRF,group1
0.7202164522514855,0.41705850594231464,0.04687289331580596,4905,0.0,2024-01-21,signup,6,True,RVMYWKXHJP,group1
0.9999999999999999,0.49753309791881284,0.2812373598948357,4908,1.0,2024-01-28,signup,2,False,BVPJZVTACD,group1
0.49591413899932213,0.9258570945383147,0.18749157326322383,4909,1.0,2024-01-27,signup,4,True,MMLZNJPOHM,group1
0.6080652956254038,0.6931034360861354,0.2812373598948357,4919,0.0,2024-01-30,signup,9,True,XSUHPGZSAB,group1
0.7202164522514855,0.03307075256477843,0.23436446657902976,4922,1.0,2024-01-01,signup,8,False,HNHWICUNVD,group1
0.047309512494995765,0.6371197108363527,0.14061867994741786,4925,0.0,2024-01-25,signup,2,True,GGLAOITADT,group1
0.49591413899932213,0.0,0.14061867994741786,4940,0.0,2024-01-31,signup,3,True,OEBEURDFWX,group1
0.15946066912107737,0.41071607219645845,0.7499662930528953,4942,1.0,2024-01-14,signup,1,True,EZEXKIELWX,group1
0.6080652956254038,0.6780928133840876,1.0,4945,1.0,2024-01-28,signup,2,True,LNUWZZACWN,group1
0.047309512494995765,0.30735561911110665,0.2812373598948357,4949,1.0,2024-01-30,signup,1,True,RIOYZGCQSC,group1
0.49591413899932213,0.5142379045854009,0.6093476131054775,4951,0.0,2024-01-12,signup,7,True,BEPVNVXCTM,group1
0.271611825747159,0.6339565550878272,0.0,4961,0.0,2024-01-28,signup,3,True,ZJBSBTOVYX,group1
0.3837629823732406,0.45248639110963795,0.5156018264738655,4962,0.0,2024-01-29,signup,6,False,NJDRLDVZGL,group1
0.832367608877567,0.41369453241122445,0.7968391863687013,4963,1.0,2024-01-22,signup,5,True,LHNEZASYZM,group1
0.6080652956254038,0.08312886444203915,0.0937457866316119,4964,0.0,2024-01-04,signup,3,False,UTLWLEORYD,group1
0.49591413899932213,0.3956014054914858,0.18749157326322383,4967,1.0,2024-01-23,signup,5,False,JLBUPGBEFP,group1
0.047309512494995765,0.16256903650036625,0.18749157326322383,4969,0.0,2024-01-02,signup,6,True,DOWLVYREJN,group1
0.49591413899932213,0.6199249701169203,0.04687289331580596,4970,0.0,2024-01-02,signup,4,False,ONPPZPCXXU,group1
0.6080652956254038,0.8923061592675992,0.8905849730003133,4973,1.0,2024-01-04,signup,6,True,DPPFRZWOON,group1
0.3837629823732406,0.1299732913124747,0.6562205064212835,4982,1.0,2024-01-07,signup,9,True,KIJAMTPQTO,group1
0.271611825747159,0.7454232686932882,0.7499662930528953,4983,1.0,2024-01-07,signup,5,True,RJPQIQLBMQ,group1
0.15946066912107737,0.5668791785043408,0.3281102532106417,4987,1.0,2024-01-02,signup,6,True,TUTMSFSEGN,group1
0.6080652956254038,0.3110094476149494,0.4218560398422536,4989,1.0,2024-01-15,signup,9,True,QKLMTDCBRY,group1
0.271611825747159,0.36878135100643084,0.7499662930528953,4995,1.0,2024-01-25,signup,3,True,USYNEBBACD,group1
0.6080652956254038,0.595321364373222,0.7499662930528953,4998,1.0,2024-01-24,signup,1,False,AMZNKKRAIL,group1
0.9999999999999999,0.6041989712041427,0.04687289331580596,5000,0.0,2024-01-15,signup,6,True,WXPSYNPDOA,group1
0.832367608877567,0.21208781625799444,0.0,5005,0.0,2024-01-23,signup,7,True,XWCTFCFFVJ,group1
0.271611825747159,0.9003129521756703,0.23436446657902976,5008,0.0,2024-01-21,signup,6,False,JNDGBFIWYA,group1
0.49591413899932213,0.3631962368129802,0.7968391863687013,5009,0.0,2024-01-29,signup,1,True,XTRZSDPVVV,group1
0.6080652956254038,0.3666803704178796,0.7499662930528953,5013,1.0,2024-01-30,signup,4,True,QNHKRJKLCW,group1
0.3837629823732406,0.17266193478157543,0.0,5014,0.0,2024-01-30,signup,7,True,YLYOMGNIEN,group1
0.6080652956254038,0.5248458971203225,0.6562205064212835,5020,1.0,2024-01-25,signup,1,False,GRNYTMWKFV,group1
0.7202164522514855,0.2888338931754877,0.6562205064212835,5023,1.0,2024-01-14,signup,7,False,NKGHTIHDSE,group1
0.271611825747159,0.5101219204780261,0.4218560398422536,5024,1.0,2024-01-02,signup,7,True,XWLWOQJLSZ,group1
0.3837629823732406,0.5708942061535138,0.4218560398422536,5026,0.0,2024-01-13,signup,1,False,MEYVSUAKKF,group1
0.6080652956254038,0.6310054383128407,0.0937457866316119,5035,0.0,2024-01-16,signup,4,False,TPRTMRDJJD,group1
0.3837629823732406,0.6419796129905131,0.6562205064212835,5039,1.0,2024-01-23,signup,7,False,EDPLGSBUNX,group1
0.6080652956254038,0.4044938239375284,0.5624747197896716,5040,1.0,2024-01-15,signup,4,False,GCEQIFBWMC,group1
0.832367608877567,0.2552216263738285,0.37498314652644765,5041,1.0,2024-01-01,signup,7,False,OOBWIHDGET,group1
0.7202164522514855,0.766800603966936,0.4687289331580596,5043,1.0,2024-01-15,signup,9,False,VPRXZMKDJI,group1
0.7202164522514855,0.31766723702284416,0.7030933997370894,5047,1.0,2024-01-01,signup,8,True,BVXFSVTUQH,group1
0.7202164522514855,0.7923288686825964,0.14061867994741786,5048,0.0,2024-01-17,signup,4,True,WMIVPJOMHB,group1
0.832367608877567,0.40970505514040534,0.3281102532106417,5049,1.0,2024-01-05,signup,5,True,ATDYCZHSUY,group1
0.9445187655036485,0.6084026099828908,0.5624747197896716,5051,1.0,2024-01-05,signup,7,False,PPZPQZOIBE,group1
0.6080652956254038,0.5290292423279124,0.23436446657902976,5054,0.0,2024-01-13,signup,4,False,TPLAPGPIHE,group1
0.49591413899932213,0.0,0.7968391863687013,5065,0.0,2024-01-24,signup,7,True,XQBMHXYVBZ,group1
0.49591413899932213,0.0,0.0,5081,0.0,2024-01-28,signup,8,False,YGQFYQIJUM,group1
0.15946066912107737,1.0000000000000004,0.0937457866316119,5083,0.0,2024-01-09,signup,4,True,FBNHTELHWK,group1
0.047309512494995765,0.6824953543024233,0.04687289331580596,5089,0.0,2024-01-05,signup,7,False,BMMAQTPZTE,group1
0.3837629823732406,0.0,0.04687289331580596,5093,0.0,2024-01-21,signup,1,False,RPBXEZQAXD,group1
0.271611825747159,0.15552126971675673,0.23436446657902976,5099,0.0,2024-01-29,signup,4,False,UGUSDOPQXQ,group1
0.9445187655036485,0.9729421125057964,0.8437120796845072,5102,1.0,2024-01-26,signup,6,False,QTKQIIZFMH,group1
0.832367608877567,0.6312523589711296,0.18749157326322383,5105,0.0,2024-01-26,signup,4,True,DGKKRFRFWB,group1
0.6080652956254038,0.730949470210509,0.0,5106,0.0,2024-01-13,signup,2,True,OWJHDPLGQG,group1
0.6080652956254038,0.25139274189556815,0.5624747197896716,5113,1.0,2024-01-30,signup,8,False,TIUKJBDQNC,group1
0.6080652956254038,0.41713852124952355,0.14061867994741786,5120,0.0,2024-01-11,signup,9,True,QTAZKXSVZV,group1
0.9999999999999999,0.4638811077720053,0.4218560398422536,5121,1.0,2024-01-04,signup,6,True,NIJOQAAGSO,group1
0.6080652956254038,0.03916488437319954,0.18749157326322383,5122,0.0,2024-01-01,signup,1,False,ESKJYWIXDL,group1
0.832367608877567,0.5221363810321793,0.7030933997370894,5125,1.0,2024-01-09,signup,2,True,XSLKJIFMPZ,group1
0.7202164522514855,0.6127544724977732,0.4687289331580596,5135,0.0,2024-01-08,signup,5,False,RUENBQWBTY,group1
0.3837629823732406,0.4807194764031384,0.7030933997370894,5137,0.0,2024-01-11,signup,5,True,KVROOAMJMC,group1
0.15946066912107737,0.643739442383175,0.23436446657902976,5139,1.0,2024-01-14,signup,9,False,AZNCEGLPMQ,group1
0.15946066912107737,0.03257748323054788,0.0937457866316119,5141,0.0,2024-01-06,signup,3,True,IQMLCFDTPR,group1
0.49591413899932213,0.17457640438419597,0.7968391863687013,5145,1.0,2024-01-03,signup,6,False,DSUZSKVONE,group1
0.49591413899932213,0.7058362904935773,0.4218560398422536,5149,0.0,2024-01-22,signup,4,False,FXVLGDZPLQ,group1
0.047309512494995765,0.7032912793007995,0.0937457866316119,5151,0.0,2024-01-24,signup,5,True,RTWIUWYGKP,group1
0.49591413899932213,0.6770806814001222,0.2812373598948357,5163,0.0,2024-01-14,signup,6,False,LYXMLYDSER,group1
0.3837629823732406,1.0000000000000004,0.4687289331580596,5166,0.0,2024-01-19,signup,7,True,None,group1
0.3837629823732406,0.3086483576957195,0.23436446657902976,5172,0.0,2024-01-01,signup,6,True,ESXNZUANNX,group1
0.49591413899932213,0.7796577436338668,0.23436446657902976,5174,0.0,2024-01-19,signup,4,False,WLZAXXKFGX,group1
0.3837629823732406,0.6247475217361198,0.4218560398422536,5175,1.0,2024-01-04,signup,8,False,KXXIFZDSBG,group1
0.3837629823732406,0.49418195932835696,0.3281102532106417,5178,1.0,2024-01-28,signup,1,True,RMUMWAZBVV,group1
0.7202164522514855,0.2195880104837653,1.0,5183,1.0,2024-01-24,signup,2,False,XTOIAZWGRX,group1
0.7202164522514855,0.8981732072593007,0.6562205064212835,5184,1.0,2024-01-27,signup,7,True,KZMRDWZYDJ,group1
0.7202164522514855,0.25286042371256157,0.18749157326322383,5187,0.0,2024-01-17,signup,8,False,WEDCCDIOBH,group1
0.49591413899932213,0.7421540842997474,0.0,5189,0.0,2024-01-01,signup,8,True,UVPDZJTCCY,group1
0.3837629823732406,0.8137489173075343,0.04687289331580596,5190,0.0,2024-01-09,signup,7,False,ASQRIGQLZF,group1
0.6080652956254038,0.3896008440872345,0.8905849730003133,5193,1.0,2024-01-24,signup,8,False,JMHUQKZOPW,group1
0.271611825747159,0.40752137672092514,0.2812373598948357,5199,0.0,2024-01-18,signup,3,True,RDSCXNRSCF,group1
0.7202164522514855,0.7684954456106174,0.3281102532106417,5202,1.0,2024-01-08,signup,7,True,EDYHSFZGDF,group1
0.49591413899932213,0.18412528727410038,0.6093476131054775,5208,1.0,2024-01-10,signup,1,True,XOTTQVKLOI,group1
0.832367608877567,0.5360653878711941,0.23436446657902976,5211,0.0,2024-01-09,signup,8,True,ZXKTFPKRES,group1
0.7202164522514855,0.20158622703362372,0.6093476131054775,5214,0.0,2024-01-11,signup,7,False,CZWHKTCMPH,group1
0.832367608877567,0.16712428630225284,0.18749157326322383,5217,1.0,2024-01-04,signup,4,True,ETDTDQIARU,group1
0.832367608877567,0.5025688437634064,0.37498314652644765,5222,0.0,2024-01-06,signup,5,False,ORGXCOBOXV,group1
0.047309512494995765,0.9921885740284293,0.04687289331580596,5223,0.0,2024-01-08,signup,7,True,LBBKBHEMOC,group1
0.271611825747159,0.8643306205538148,0.23436446657902976,5225,0.0,2024-01-24,signup,7,True,HGXFZJELII,group1
0.6080652956254038,0.3147408959769571,0.4687289331580596,5237,1.0,2024-01-29,signup,1,False,HTVOYCAQNA,group1
0.3837629823732406,0.4949698068796802,0.4218560398422536,5242,1.0,2024-01-25,signup,4,False,IMSDFJHRPJ,group1
0.9999999999999999,0.7851394499727724,0.4218560398422536,5247,1.0,2024-01-20,signup,6,True,PHJAQQQODB,group1
0.7202164522514855,0.8168492519925228,0.0937457866316119,5253,0.0,2024-01-19,signup,4,False,ZXUVXRNSID,group1
0.271611825747159,0.17145080230748055,0.37498314652644765,5262,1.0,2024-01-04,signup,4,True,KPGLVAKXJE,group1
0.6080652956254038,0.3845079758752594,0.04687289331580596,5267,0.0,2024-01-02,signup,2,True,FFKZJQKJPF,group1
0.49591413899932213,0.514463574342297,0.18749157326322383,5276,0.0,2024-01-21,signup,4,True,HWTYUNFTTZ,group1
0.271611825747159,0.8148150132380927,0.7968391863687013,5283,1.0,2024-01-10,signup,8,False,LXBLRPVNRF,group1
0.271611825747159,0.6332630839912263,0.7499662930528953,5289,1.0,2024-01-04,signup,8,True,TJSCNNOLPC,group1
0.15946066912107737,0.77718340059329,0.0937457866316119,5290,0.0,2024-01-28,signup,8,True,SDNQBCHWEX,group1
0.3837629823732406,0.4146078691550539,0.14061867994741786,5291,0.0,2024-01-23,signup,3,True,WBAKOJOYNQ,group1
0.271611825747159,0.27515767064073593,0.04687289331580596,5296,0.0,2024-01-23,signup,5,False,NAAAKDTFVS,group1
0.49591413899932213,0.3991311569871163,1.0,5302,1.0,2024-01-24,signup,7,False,ANWRDPGYOA,group1
0.271611825747159,0.2720815786794195,0.6093476131054775,5305,1.0,2024-01-09,signup,6,True,ZAZPQOMTIO,group1
0.49591413899932213,0.4151997140711692,0.14061867994741786,5306,0.0,2024-01-05,signup,4,False,EXPWINXUAJ,group1
0.15946066912107737,0.0,0.5624747197896716,5309,1.0,2024-01-25,signup,2,True,UJPPDPFFGB,group1
0.6080652956254038,0.6392283997316928,0.0,5310,0.0,2024-01-30,signup,8,False,HNKEFGEYSU,group1
0.3837629823732406,0.4530036941874718,0.7030933997370894,5314,1.0,2024-01-16,signup,9,True,JHKXKKHJHS,group1
0.271611825747159,0.3996403848840133,0.04687289331580596,5315,0.0,2024-01-30,signup,1,False,OBYMUIICAH,group1
0.49591413899932213,0.39434784039776805,0.8437120796845072,5319,1.0,2024-01-04,signup,6,True,PACRLVEZKZ,group1
0.6080652956254038,0.22133743378495385,0.0,5327,0.0,2024-01-18,signup,4,True,PFAHHYMBZP,group1
0.15946066912107737,0.09462678551953241,0.3281102532106417,5328,0.0,2024-01-24,signup,6,False,APEPRZYWCZ,group1
0.15946066912107737,0.7336071454234894,0.7030933997370894,5335,1.0,2024-01-21,signup,9,True,ZTZJNOCBQQ,group1
0.271611825747159,1.0000000000000004,0.14061867994741786,5337,1.0,2024-01-24,signup,4,True,OOIRJWPRYY,group1
0.49591413899932213,0.6706292142143453,0.3281102532106417,5342,0.0,2024-01-07,signup,9,False,OQTCCMQDCL,group1
0.271611825747159,0.805642790428267,0.5624747197896716,5347,0.0,2024-01-13,signup,7,True,VRCETIUTBT,group1
0.271611825747159,0.6366491866008928,0.6093476131054775,5349,1.0,2024-01-03,signup,8,False,XNOJWXMYXO,group1
0.15946066912107737,0.7974924133121797,0.3281102532106417,5352,0.0,2024-01-13,signup,9,False,ZGERWMHTRW,group1
0.49591413899932213,0.02351132700671066,0.5156018264738655,5363,1.0,2024-01-06,signup,5,False,JEAQXMIIUD,group1
0.15946066912107737,0.7285735011134333,0.7030933997370894,5370,0.0,2024-01-02,signup,7,True,MDMTEYEJQZ,group1
0.271611825747159,0.27452980997108556,0.04687289331580596,5372,0.0,2024-01-29,signup,2,True,YSXLFUOUDZ,group1
0.271611825747159,0.47065485249227423,0.5624747197896716,5385,1.0,2024-01-06,signup,3,True,KKSQLICZSV,group1
0.49591413899932213,0.45293243119695825,0.4687289331580596,5392,1.0,2024-01-17,signup,7,True,QMZKLYWOPZ,group1
0.7202164522514855,0.09281258853720642,0.6562205064212835,5396,0.0,2024-01-03,signup,8,False,RWNAOXGDLV,group1
0.3837629823732406,0.8471431337764934,0.04687289331580596,5400,0.0,2024-01-08,signup,4,True,IVHHPIMLJI,group1
0.7202164522514855,0.23837532713874854,0.0,5403,0.0,2024-01-08,signup,1,True,OSMKZGFEQA,group1
0.832367608877567,0.712141049240349,0.6093476131054775,5404,0.0,2024-01-14,signup,9,True,QVOLASFSHV,group1
0.6080652956254038,0.6547858382760499,0.0,5420,0.0,2024-01-02,signup,8,False,UOIFWLFBND,group1
0.6080652956254038,0.12441558218630533,0.0,5424,0.0,2024-01-17,signup,5,False,OZKNXFWJVK,group1
0.3837629823732406,0.6933881619967557,0.7030933997370894,5428,1.0,2024-01-27,signup,7,True,TOLLJXXMVY,group1
0.15946066912107737,1.0000000000000004,0.5624747197896716,5430,1.0,2024-01-24,signup,3,True,IQODHXIDPC,group1
0.9445187655036485,0.8720191036976042,0.6093476131054775,5434,1.0,2024-01-06,signup,4,False,LKDJPQDHOK,group1
0.3837629823732406,0.8985347339078862,0.4687289331580596,5437,1.0,2024-01-26,signup,4,False,HSQYRPGTMN,group1
0.6080652956254038,0.2978967221483253,0.37498314652644765,5438,0.0,2024-01-31,signup,2,False,ASWCJXLGPN,group1
0.49591413899932213,0.215701865653537,0.0937457866316119,5449,0.0,2024-01-09,signup,9,False,TNCSUPEEVY,group1
0.271611825747159,0.6841566018353555,0.3281102532106417,5457,0.0,2024-01-21,signup,6,False,WBKEOBLTHS,group1
0.9445187655036485,0.23183837478169567,0.4218560398422536,5466,1.0,2024-01-02,signup,9,True,QHSHEOOGWR,group1
0.3837629823732406,0.6926968263943176,0.18749157326322383,5472,0.0,2024-01-13,signup,2,False,JJWFTFGCPF,group1
0.15946066912107737,0.6154584755531172,0.2812373598948357,5478,1.0,2024-01-06,signup,6,True,QXPESSNDBB,group1
0.3837629823732406,0.5223803506597169,0.4687289331580596,5480,1.0,2024-01-25,signup,5,True,CAMTALIHGK,group1
0.832367608877567,0.6343780651705524,0.4218560398422536,5488,1.0,2024-01-26,signup,9,True,MIZMIJBAIN,group1
0.3837629823732406,0.27064490403813224,0.37498314652644765,5497,1.0,2024-01-04,signup,3,False,FGRMFXSBOU,group1
0.0,0.7804371192021522,1.0,5500,1.0,2024-01-13,signup,6,True,DUCIULRGXP,group1
0.49591413899932213,0.5598476696439905,0.3281102532106417,5502,0.0,2024-01-19,signup,3,True,KYHRIEOCUI,group1
0.49591413899932213,0.3749627949493748,0.18749157326322383,5505,0.0,2024-01-26,signup,6,False,UERFQZPFRA,group1
0.7202164522514855,0.9572647735224935,0.7499662930528953,5511,1.0,2024-01-31,signup,3,True,VOOMUXMMFN,group1
0.047309512494995765,0.6420656744688067,0.4687289331580596,5521,1.0,2024-01-28,signup,7,False,SYJOYIZCAW,group1
0.832367608877567,0.7220700339235431,0.7968391863687013,5526,1.0,2024-01-29,signup,2,False,XPEASYVAOS,group1
0.49591413899932213,0.6069846027218788,0.18749157326322383,5528,0.0,2024-01-25,signup,3,False,GALLJIUYAO,group1
0.271611825747159,0.7311055601606404,0.04687289331580596,5529,0.0,2024-01-03,signup,4,True,NQJUNETRMZ,group1
0.3837629823732406,0.13004117498969237,0.2812373598948357,5530,1.0,2024-01-30,signup,2,False,YVECHFQZFW,group1
0.3837629823732406,0.23835571521222976,0.0,5531,0.0,2024-01-24,signup,8,False,TSOTRISAEY,group1
0.15946066912107737,0.7775905120081865,0.23436446657902976,5534,0.0,2024-01-23,signup,2,False,MBJDHVKTCB,group1
0.6080652956254038,0.7009553261012753,0.04687289331580596,5539,0.0,2024-01-18,signup,1,False,CNMXFDKUGP,group1
0.3837629823732406,0.3147555213265467,0.0,5550,0.0,2024-01-21,signup,4,False,NQIUEMBYDI,group1
0.9999999999999999,0.22752838227124572,0.6562205064212835,5555,1.0,2024-01-12,signup,7,False,MKCTDFDCNR,group1
0.6080652956254038,0.33894862026137673,0.4218560398422536,5558,0.0,2024-01-20,signup,1,True,YHAFDIRCLQ,group1
0.271611825747159,0.35191996952764315,1.0,5559,1.0,2024-01-11,signup,4,True,JKWWDZQSAI,group1
0.49591413899932213,0.2858481518754208,0.04687289331580596,5560,0.0,2024-01-17,signup,9,True,NJDCOGOAMC,group1
0.3837629823732406,0.5711554870593201,0.7968391863687013,5568,1.0,2024-01-31,signup,3,True,AEMGNGUOJT,group1
0.832367608877567,0.47230651341334084,1.0,5576,1.0,2024-01-30,signup,5,False,OEZDUFORBA,group1
0.49591413899932213,0.5968302721764478,0.4687289331580596,5582,1.0,2024-01-24,signup,2,True,LKRXEDHBRA,group1
0.15946066912107737,0.48142495162491716,0.37498314652644765,5585,0.0,2024-01-20,signup,9,True,SZKJJXOXFW,group1
0.49591413899932213,0.36685775658720754,0.8905849730003133,5597,1.0,2024-01-20,signup,3,True,QPKTLLXDIY,group1
0.9445187655036485,0.7452801197967696,0.37498314652644765,5599,1.0,2024-01-08,signup,5,False,QXSUGSBJVF,group1
0.0,0.8926516742456907,0.5624747197896716,5606,1.0,2024-01-09,signup,6,True,JGXIZDNFGL,group1
0.3837629823732406,0.8826790705689489,0.2812373598948357,5621,1.0,2024-01-07,signup,6,True,DREDMBMPYM,group1
0.7202164522514855,0.6030489700172414,0.6093476131054775,5624,0.0,2024-01-20,signup,1,True,GLLZPMGDWI,group1
0.49591413899932213,0.4235826854503326,0.04687289331580596,5626,0.0,2024-01-26,signup,7,True,NHIPQVAMPK,group1
0.15946066912107737,0.2591606902417354,0.4218560398422536,5628,1.0,2024-01-17,signup,8,True,SJCMNYJLLY,group1
0.6080652956254038,0.5571448538661246,0.7030933997370894,5631,1.0,2024-01-20,signup,6,True,EJXOLSZJAX,group1
0.832367608877567,0.5331703159407781,0.0937457866316119,5633,0.0,2024-01-03,signup,6,True,NNSSYJCZBB,group1
0.3837629823732406,0.6072838703188048,0.18749157326322383,5635,0.0,2024-01-21,signup,2,True,UMXTNNDJZF,group1
0.3837629823732406,0.5206485658294189,0.04687289331580596,5643,0.0,2024-01-02,signup,9,True,QGHVCDPHUH,group1
0.3837629823732406,0.673584587755331,0.4218560398422536,5647,1.0,2024-01-18,signup,3,True,WNWKMPNYUN,group1
0.49591413899932213,0.16954111504445857,0.2812373598948357,5649,1.0,2024-01-26,signup,7,True,PVTLRSAXIW,group1
0.15946066912107737,0.8451086475356155,0.0,5652,0.0,2024-01-15,signup,4,True,KVBWCGXJTY,group1
0.7202164522514855,0.5038986564358625,0.23436446657902976,5659,1.0,2024-01-16,signup,5,False,RPZHPPLJSH,group1
0.7202164522514855,0.7728787875267757,0.0,5661,0.0,2024-01-25,signup,1,True,LYPLICCMTF,group1
0.49591413899932213,0.20802921903512095,0.8437120796845072,5662,1.0,2024-01-12,signup,4,True,XNWQSLABMA,group1
0.49591413899932213,0.7428663050372069,0.3281102532106417,5669,1.0,2024-01-30,signup,5,False,NHOPNFXMIN,group1
0.9445187655036485,0.7097545633113782,0.23436446657902976,5671,0.0,2024-01-06,signup,8,False,BGQCBPBXYL,group1
0.271611825747159,0.1737538985384277,0.2812373598948357,5675,0.0,2024-01-22,signup,8,False,JEYYWXOWXP,group1
0.271611825747159,0.7171706841671059,0.04687289331580596,5677,0.0,2024-01-11,signup,4,True,VRQXHUISKH,group1
0.7202164522514855,0.1512913741754045,0.5156018264738655,5679,0.0,2024-01-02,signup,9,True,BVYFMMNPUE,group1
0.49591413899932213,0.33222380032994225,1.0,5682,1.0,2024-01-06,signup,4,True,HHKDVEJWZE,group1
0.7202164522514855,0.5746015685001398,0.6562205064212835,5686,1.0,2024-01-31,signup,6,False,ERKNULONYO,group1
0.047309512494995765,0.2846236354850462,0.8437120796845072,5689,1.0,2024-01-09,signup,6,True,WHRHEXEPOM,group1
0.3837629823732406,0.44817614446435794,0.9843307596319252,5692,1.0,2024-01-26,signup,6,False,NXSDSNQJJV,group1
0.49591413899932213,0.4904503131661633,0.04687289331580596,5700,0.0,2024-01-26,signup,8,False,VYGUUBQDJB,group1
0.7202164522514855,0.6868954781793164,0.6562205064212835,5706,1.0,2024-01-30,signup,5,False,AVZSCKPGSK,group1
0.15946066912107737,0.15563442629315505,0.4687289331580596,5710,0.0,2024-01-24,signup,9,True,NPUDUBHRXS,group1
0.832367608877567,0.19815047711469136,0.04687289331580596,5712,0.0,2024-01-21,signup,7,False,WFXXIUJUYC,group1
0.49591413899932213,0.4571232543294963,0.7030933997370894,5713,1.0,2024-01-22,signup,1,True,PZHMYJDSNR,group1
0.6080652956254038,0.541008774409474,0.0,5717,0.0,2024-01-19,signup,7,False,ZJWMZFWXTS,group1
0.3837629823732406,0.5667667728222279,0.7030933997370894,5719,0.0,2024-01-31,signup,3,True,FFJEKSKWIM,group1
0.3837629823732406,0.7402348358535757,0.18749157326322383,5725,1.0,2024-01-14,signup,8,True,OLSGMKWPIX,group1
0.49591413899932213,0.7390656458773761,0.0,5727,0.0,2024-01-29,signup,7,False,NUYXRDEGEB,group1
0.49591413899932213,0.5447887671715073,0.4218560398422536,5744,0.0,2024-01-16,signup,3,False,GSMGYHLUEX,group1
0.15946066912107737,0.5768484284589079,0.5624747197896716,5749,1.0,2024-01-02,signup,5,True,KHWPPVOGSR,group1
0.9445187655036485,0.19120787523382576,0.6562205064212835,5761,1.0,2024-01-17,signup,8,True,DUFDNQWJWI,group1
0.15946066912107737,0.9181209744337653,1.0,5773,1.0,2024-01-04,signup,1,False,GEKXBVEMOO,group1
0.49591413899932213,0.07966960582478677,0.14061867994741786,5774,0.0,2024-01-10,signup,4,False,UVZAQWHCUK,group1
0.7202164522514855,0.38013005935883104,0.0,5777,0.0,2024-01-31,signup,9,True,TTUJEMBQWV,group1
0.3837629823732406,0.5843556982193849,0.6093476131054775,5780,1.0,2024-01-17,signup,9,False,EMWUFOSHVR,group1
0.832367608877567,1.0000000000000004,0.0,5781,0.0,2024-01-06,signup,6,True,CJUVQIDPDK,group1
0.3837629823732406,1.0000000000000004,0.23436446657902976,5782,1.0,2024-01-28,signup,2,True,HVUOQUMBBG,group1
0.3837629823732406,0.49230230933984176,0.4218560398422536,5794,1.0,2024-01-21,signup,3,True,PCBJVSSCPQ,group1
0.15946066912107737,0.5115063079184612,0.14061867994741786,5802,0.0,2024-01-09,signup,7,True,OOZHPLVEKN,group1
0.7202164522514855,0.6231384149818386,0.18749157326322383,5808,1.0,2024-01-29,signup,3,False,QIPINEDDBP,group1
0.271611825747159,0.327029108234941,0.3281102532106417,5813,0.0,2024-01-06,signup,6,False,TCTYJLSZJC,group1
0.9445187655036485,0.22927999805715382,0.23436446657902976,5815,0.0,2024-01-23,signup,6,True,FXLINDCLXP,group1
0.7202164522514855,0.42014502736487547,0.7499662930528953,5822,1.0,2024-01-15,signup,5,True,DMAMZYYJVB,group1
0.49591413899932213,0.7909954348259753,0.14061867994741786,5833,0.0,2024-01-06,signup,4,True,KKMOBZGCIE,group1
0.49591413899932213,0.6926997581648897,0.14061867994741786,5837,0.0,2024-01-12,signup,1,True,FGLQBNEHTY,group1
0.0,0.5224206614581615,0.7499662930528953,5838,1.0,2024-01-24,signup,3,True,GJFNBVHURZ,group1
0.49591413899932213,0.6044508597751479,0.7968391863687013,5839,1.0,2024-01-30,signup,9,False,YGSUYNNRKN,group1
0.7202164522514855,0.23762540561954193,0.0,5842,0.0,2024-01-01,signup,5,False,UWYUXQUJDJ,group1
0.6080652956254038,0.883875856461914,0.0937457866316119,5843,0.0,2024-01-12,signup,5,False,TGRJGUKZXV,group1
0.3837629823732406,0.6576412779894127,0.5156018264738655,5852,1.0,2024-01-24,signup,6,False,DIKIPERNSN,group1
0.7202164522514855,0.7352486991647154,0.0,5857,0.0,2024-01-01,signup,3,False,XZYATVARXG,group1
0.6080652956254038,0.24318078491891848,0.18749157326322383,5860,0.0,2024-01-14,signup,8,False,ZCXKLEKDVD,group1
0.047309512494995765,0.10763531811383986,0.37498314652644765,5864,1.0,2024-01-06,signup,4,True,NLAXLWDEOJ,group1
0.49591413899932213,0.5224744729772786,0.3281102532106417,5865,0.0,2024-01-05,signup,6,True,DPQSHBGZDG,group1
0.6080652956254038,0.682823490081014,0.04687289331580596,5879,0.0,2024-01-16,signup,6,False,ZSLNFSZBIT,group1
0.3837629823732406,0.40559003964243123,0.37498314652644765,5886,1.0,2024-01-03,signup,1,True,QNFQBKMZBC,group1
0.3837629823732406,0.4859102902059589,0.5156018264738655,5888,1.0,2024-01-04,signup,9,False,XHXQHSLVIF,group1
0.7202164522514855,0.7511914276075258,0.14061867994741786,5889,0.0,2024-01-11,signup,8,True,CBGNYSREOX,group1
0.49591413899932213,0.3409007887863007,0.23436446657902976,5893,0.0,2024-01-25,signup,9,False,OWLTCFSVQO,group1
0.49591413899932213,0.4080018123355451,0.7030933997370894,5912,1.0,2024-01-29,signup,7,False,AGXCHWVNUU,group1
0.832367608877567,1.0000000000000004,0.4218560398422536,5913,0.0,2024-01-21,signup,3,True,SUVDTVEERU,group1
0.047309512494995765,0.23316832392846498,0.7968391863687013,5914,1.0,2024-01-08,signup,2,True,GEZKTJNKPE,group1
0.3837629823732406,0.5417677022896235,0.5624747197896716,5927,1.0,2024-01-27,signup,4,False,CWZXLFAOYU,group1
0.49591413899932213,0.17667705219913454,0.7030933997370894,5928,1.0,2024-01-23,signup,7,True,IFXIRKHQPW,group1
0.7202164522514855,0.49951080069708587,1.0,5936,1.0,2024-01-23,signup,9,False,TYVFMQOHFJ,group1
0.3837629823732406,0.5166206797425019,0.14061867994741786,5940,0.0,2024-01-07,signup,3,True,SKMOUGULLD,group1
0.3837629823732406,0.6208888661103256,0.4687289331580596,5942,0.0,2024-01-26,signup,3,False,MKFDWJVUNE,group1
0.9445187655036485,0.9274176066070794,0.4218560398422536,5943,1.0,2024-01-11,signup,8,False,BVQXNYGBPO,group1
0.9999999999999999,0.7843752694978008,0.4218560398422536,5949,1.0,2024-01-01,signup,4,False,AODLYRTAZM,group1
0.9445187655036485,0.27706576286849494,0.18749157326322383,5951,0.0,2024-01-21,signup,6,False,HQRLHXJKVG,group1
0.49591413899932213,0.3773073862701217,0.14061867994741786,5954,0.0,2024-01-30,signup,6,True,STMXOSMSKD,group1
0.6080652956254038,0.4222135242867471,0.0,5964,0.0,2024-01-10,signup,1,False,CNJXQAOGBF,group1
0.271611825747159,0.6848438042441405,0.4687289331580596,5965,1.0,2024-01-18,signup,4,True,FGZBNRYNOG,group1
0.49591413899932213,0.44436785124612976,0.4687289331580596,5969,1.0,2024-01-19,signup,4,False,XSVYRBTIAE,group1
0.49591413899932213,0.293975336013498,1.0,5972,1.0,2024-01-30,signup,4,False,KYIPCUUNCX,group1
0.6080652956254038,0.02275887470382143,0.2812373598948357,5973,1.0,2024-01-13,signup,3,True,AGASPSNLCF,group1
0.15946066912107737,0.3318249359409653,0.14061867994741786,5974,0.0,2024-01-07,signup,1,True,LXTYAPMYYW,group1
0.49591413899932213,0.034238910726299476,0.0937457866316119,5981,0.0,2024-01-24,signup,2,False,THDAXRZZCZ,group1
0.832367608877567,0.46865471295071215,0.8905849730003133,5989,1.0,2024-01-03,signup,2,False,EDVVZCPYNA,group1
0.832367608877567,0.18317519523937875,0.37498314652644765,5995,1.0,2024-01-09,signup,9,False,RUFAQXKBCW,group1
0.7202164522514855,0.4712606859359809,0.2812373598948357,5999,0.0,2024-01-16,signup,8,True,OCSXVJKPQO,group1
0.9445187655036485,0.5390270452449233,0.2812373598948357,6000,1.0,2024-01-27,signup,9,True,HYODHIJZRT,group1
0.7202164522514855,0.2630877278509032,0.23436446657902976,6004,0.0,2024-01-16,signup,1,False,LMQBCPSWNV,group1
0.271611825747159,0.654551161468131,0.9843307596319252,6010,1.0,2024-01-14,signup,1,True,JCYIPDFKSM,group1
0.9445187655036485,0.5813616493445903,0.5156018264738655,6022,1.0,2024-01-03,signup,3,False,ZXTGCWPUUL,group1
0.271611825747159,0.5459738441409074,0.7030933997370894,6026,1.0,2024-01-27,signup,2,True,ULLZQCGVGX,group1
0.271611825747159,0.38850316702330545,0.2812373598948357,6027,0.0,2024-01-24,signup,5,False,GUVWKAXSHF,group1
0.15946066912107737,0.35463094451230504,0.14061867994741786,6031,0.0,2024-01-26,signup,3,True,CSWFAAPBFO,group1
0.15946066912107737,0.5606235962501782,0.6093476131054775,6034,1.0,2024-01-06,signup,3,False,XWIAMAWKZJ,group1
0.832367608877567,0.3718019603807128,0.23436446657902976,6042,0.0,2024-01-10,signup,1,False,ACJJTWTJOQ,group1
0.9999999999999999,0.5190523255423147,0.5156018264738655,6043,0.0,2024-01-29,signup,8,False,AYRUCECIZZ,group1
0.9445187655036485,0.8065115743908007,0.4687289331580596,6045,1.0,2024-01-20,signup,8,False,ETKLNWESNT,group1
0.15946066912107737,0.7171602837927389,0.0,6053,0.0,2024-01-25,signup,4,False,KPUATKZLZH,group1
0.15946066912107737,0.3273784808385378,0.04687289331580596,6057,0.0,2024-01-26,signup,1,True,KDMXYHORGN,group1
0.15946066912107737,0.6358385749301974,0.04687289331580596,6076,0.0,2024-01-02,signup,7,False,FFWJYLWETQ,group1
0.7202164522514855,0.4215715770027817,0.0937457866316119,6080,0.0,2024-01-28,signup,4,False,PKBEWVCZCJ,group1
0.6080652956254038,0.35880891931877734,0.23436446657902976,6085,0.0,2024-01-12,signup,3,True,IPFVFVIXTB,group1
0.271611825747159,0.16742241564478144,0.37498314652644765,6086,1.0,2024-01-18,signup,1,False,GUNVFBQZGX,group1
0.7202164522514855,0.33693368477258945,1.0,6090,0.0,2024-01-25,signup,3,True,PBRFEYNINA,group1
0.3837629823732406,0.638283793773009,0.37498314652644765,6093,1.0,2024-01-22,signup,3,True,ALWLXUCJVH,group1
0.047309512494995765,0.6031587497892548,0.0,6094,0.0,2024-01-02,signup,9,False,ZPRSUDKGIG,group1
0.9999999999999999,0.9064301875874778,0.2812373598948357,6095,1.0,2024-01-08,signup,9,True,ZSABSPEKWV,group1
0.6080652956254038,1.0000000000000004,0.2812373598948357,6096,0.0,2024-01-10,signup,4,True,WYMNLYJMWD,group1
0.15946066912107737,0.49369381902764786,0.5624747197896716,6101,1.0,2024-01-18,signup,8,False,JQFYLLPHMC,group1
0.3837629823732406,0.2994782300991323,0.0,6104,0.0,2024-01-19,signup,6,True,UFBPQTMYTJ,group1
0.832367608877567,0.5956000799901746,0.04687289331580596,6107,0.0,2024-01-13,signup,9,False,VIJXQCYDEW,group1
0.6080652956254038,0.7179736618106554,0.4687289331580596,6111,0.0,2024-01-20,signup,9,True,QKIDKZWFWL,group1
0.271611825747159,0.8075665611281599,0.7030933997370894,6116,1.0,2024-01-08,signup,3,True,FVJNLYIHQO,group1
0.9445187655036485,0.3645500680600873,0.9374578663161192,6119,1.0,2024-01-29,signup,6,False,AGJLWXBXYN,group1
0.9445187655036485,0.5210561776211011,1.0,6124,1.0,2024-01-31,signup,5,True,VUHMNPTSUU,group1
0.832367608877567,0.42073538097633856,0.0937457866316119,6128,0.0,2024-01-25,signup,8,True,KHZDQOTATT,group1
0.49591413899932213,0.3971328037924158,0.3281102532106417,6130,0.0,2024-01-19,signup,6,True,AILCVRCBNV,group1
0.271611825747159,0.20217490460611875,0.6562205064212835,6131,1.0,2024-01-03,signup,8,True,OBITZDMJXL,group1
0.3837629823732406,0.22440920776592366,0.7499662930528953,6132,1.0,2024-01-14,signup,2,True,RNVHBPJELP,group1
0.49591413899932213,0.6564534138194325,0.0,6135,0.0,2024-01-17,signup,9,True,DICVSVGRUI,group1
0.7202164522514855,0.6964429014306788,0.5156018264738655,6138,1.0,2024-01-18,signup,1,False,UTUNLALFHY,group1
0.3837629823732406,0.06954431286109175,0.18749157326322383,6140,0.0,2024-01-17,signup,8,True,QMFJNMLJJR,group1
0.047309512494995765,0.9967507983435113,0.5156018264738655,6144,1.0,2024-01-09,signup,8,False,ZUXNRWGOBK,group1
0.7202164522514855,0.9183963194055469,0.3281102532106417,6146,1.0,2024-01-24,signup,3,False,DDCILAYYFO,group1
0.6080652956254038,0.7832945167328038,0.04687289331580596,6147,0.0,2024-01-24,signup,6,False,CJFXKDQDVH,group1
0.6080652956254038,0.7064425119387372,0.6093476131054775,6150,1.0,2024-01-25,signup,1,True,None,group1
0.047309512494995765,0.4623100866244285,0.3281102532106417,6155,0.0,2024-01-17,signup,2,True,TMOMHXSGMX,group1
0.832367608877567,0.06677017713721867,0.2812373598948357,6161,0.0,2024-01-15,signup,1,True,TQEYWDQUPT,group1
0.49591413899932213,0.8158356076385931,0.0937457866316119,6164,0.0,2024-01-18,signup,5,True,KDYSPTVHVL,group1
0.271611825747159,0.2476400138830086,0.04687289331580596,6168,0.0,2024-01-28,signup,3,True,DAKKNIKEBB,group1
0.9999999999999999,0.9374794477308166,0.14061867994741786,6176,1.0,2024-01-04,signup,8,False,CZWDIPNQCA,group1
0.271611825747159,0.37356982623528756,0.18749157326322383,6178,0.0,2024-01-28,signup,3,False,VHBMDGBJIO,group1
0.271611825747159,0.6980843960732535,0.0937457866316119,6181,0.0,2024-01-15,signup,1,False,RDQCEPLWPH,group1
0.6080652956254038,0.0,0.5156018264738655,6193,1.0,2024-01-11,signup,9,False,SEQCZOTPYU,group1
0.7202164522514855,0.2543082183873384,0.7030933997370894,6194,1.0,2024-01-02,signup,2,False,ZKAHTQKCOL,group1
0.3837629823732406,0.36935092703628003,0.0937457866316119,6195,0.0,2024-01-22,signup,3,True,HJHHGYHOOS,group1
0.271611825747159,0.25948434802527043,0.04687289331580596,6201,0.0,2024-01-24,signup,5,True,JXZLGUQESY,group1
0.3837629823732406,0.3019337490313898,0.37498314652644765,6206,0.0,2024-01-29,signup,9,False,YHQTJZTBNI,group1
0.15946066912107737,0.4986486107960588,0.3281102532106417,6207,0.0,2024-01-14,signup,1,True,DGDWVAUZGN,group1
0.49591413899932213,0.3635671282483144,0.18749157326322383,6209,0.0,2024-01-20,signup,8,False,KHHOWXJHVY,group1
0.49591413899932213,0.49173712494385935,0.4218560398422536,6214,1.0,2024-01-29,signup,2,True,RKXKXRUCUG,group1
0.3837629823732406,0.6269251716930104,0.5156018264738655,6220,1.0,2024-01-16,signup,5,True,TXHPFUUWBK,group1
0.7202164522514855,0.4110544393041482,0.37498314652644765,6221,1.0,2024-01-08,signup,9,False,MPHJSEGXUE,group1
0.3837629823732406,0.49815248166065373,0.2812373598948357,6243,1.0,2024-01-05,signup,4,True,CFSFIFSZGU,group1
0.7202164522514855,0.6408451424564188,0.23436446657902976,6249,0.0,2024-01-14,signup,9,False,ARUGZCRPFT,group1
0.6080652956254038,0.796022881754392,0.0937457866316119,6250,0.0,2024-01-25,signup,4,False,KISORNIIEE,group1
0.3837629823732406,0.891899445373959,0.14061867994741786,6253,0.0,2024-01-14,signup,4,True,PRCPEFCHIR,group1
0.271611825747159,0.3554685170451535,0.7968391863687013,6269,1.0,2024-01-13,signup,3,False,VWNSYLULUL,group1
0.3837629823732406,0.35350305861173803,0.7499662930528953,6271,1.0,2024-01-24,signup,8,True,XJNSFDFXKM,group1
0.271611825747159,0.36678794262495673,0.3281102532106417,6273,1.0,2024-01-12,signup,1,True,OLSENWIKWT,group1
0.49591413899932213,0.9488510887186212,0.8905849730003133,6274,1.0,2024-01-08,signup,9,True,RABZOTZSGF,group1
0.6080652956254038,0.6434692301916636,0.6093476131054775,6276,0.0,2024-01-09,signup,1,True,ZPSTJUENYI,group1
0.6080652956254038,0.6630359883246717,0.9374578663161192,6277,0.0,2024-01-28,signup,5,False,SNBUSTBMMK,group1
0.7202164522514855,0.32128648223845246,0.8905849730003133,6281,1.0,2024-01-18,signup,2,True,ETKHGMGKVN,group1
0.3837629823732406,0.8585580761277569,0.0937457866316119,6284,0.0,2024-01-06,signup,6,True,NRWRBIZCSX,group1
0.49591413899932213,0.3763573026661948,0.23436446657902976,6286,1.0,2024-01-05,signup,1,False,GETTHFHAFZ,group1
0.9445187655036485,0.3401612982338227,0.04687289331580596,6297,0.0,2024-01-04,signup,3,False,NOOHZVCBBL,group1
0.3837629823732406,0.7125722821008345,0.37498314652644765,6301,0.0,2024-01-12,signup,6,False,BUTHEPVFAK,group1
0.7202164522514855,0.4662281426116417,0.4687289331580596,6309,1.0,2024-01-09,signup,5,True,LSSFKTGEYJ,group1
0.49591413899932213,0.4496961030833613,0.5156018264738655,6311,1.0,2024-01-19,signup,1,True,MGPHALZUZK,group1
0.832367608877567,0.21408230247994853,0.14061867994741786,6316,1.0,2024-01-01,signup,8,True,IVISXCCGOZ,group1
0.271611825747159,0.9109167991252494,0.7968391863687013,6320,1.0,2024-01-02,signup,8,False,VWCZHHAPAU,group1
0.7202164522514855,0.6943578190225974,0.04687289331580596,6334,0.0,2024-01-18,signup,6,True,QLHFMZKQRQ,group1
0.9999999999999999,0.4455881822085561,0.04687289331580596,6336,0.0,2024-01-13,signup,3,True,ZNZTMJAHUE,group1
0.3837629823732406,0.29235828989498724,0.0,6340,0.0,2024-01-28,signup,7,False,QNDXBFRMXT,group1
0.49591413899932213,0.2199109028750077,0.7499662930528953,6341,1.0,2024-01-21,signup,5,False,JWCDKWTMHG,group1
0.49591413899932213,0.36476929374765277,0.0,6344,0.0,2024-01-25,signup,3,False,CSIBPZBGGE,group1
0.832367608877567,0.635538087869282,0.18749157326322383,6346,0.0,2024-01-06,signup,4,True,IPUJISGCJM,group1
0.49591413899932213,0.4069301088928783,0.23436446657902976,6348,1.0,2024-01-29,signup,1,False,DDVNFBYRLL,group1
0.6080652956254038,0.9914056205818218,0.6093476131054775,6349,1.0,2024-01-06,signup,6,False,RPMZYRFMZF,group1
0.271611825747159,0.8019117373520297,0.2812373598948357,6351,1.0,2024-01-17,signup,5,False,DMHMMMYBLQ,group1
0.6080652956254038,0.5686945222654103,0.23436446657902976,6354,1.0,2024-01-27,signup,4,False,CDIRHFEQYG,group1
0.3837629823732406,0.8721848411737132,0.8905849730003133,6358,1.0,2024-01-10,signup,3,True,IYXQSDCIBN,group1
0.271611825747159,1.0000000000000004,0.4687289331580596,6360,0.0,2024-01-25,signup,8,False,QIVENAXNSF,group1
0.7202164522514855,0.4500031579457029,0.3281102532106417,6366,0.0,2024-01-03,signup,1,True,LDGCMQHDUT,group1
0.3837629823732406,0.9909785563009144,0.18749157326322383,6367,0.0,2024-01-21,signup,9,False,KNPEXITIRL,group1
0.49591413899932213,0.43835881351857964,0.0,6371,0.0,2024-01-20,signup,2,False,IGVWEEJQMV,group1
0.3837629823732406,0.5056526569140702,0.3281102532106417,6374,0.0,2024-01-26,signup,1,False,CBGIAMEUOU,group1
0.271611825747159,0.35390752834886596,0.7030933997370894,6377,1.0,2024-01-28,signup,7,True,TMZQAICEFX,group1
0.49591413899932213,0.054436107498550435,0.2812373598948357,6386,1.0,2024-01-19,signup,5,True,ZDDWUVLDZV,group1
0.9445187655036485,0.6066932563993035,0.0937457866316119,6395,0.0,2024-01-06,signup,1,False,DCTOQRHMJE,group1
0.832367608877567,0.9815632727536419,0.4218560398422536,6397,0.0,2024-01-10,signup,4,False,PBFFRHHOGN,group1
0.832367608877567,0.4936091075079312,0.6562205064212835,6400,1.0,2024-01-23,signup,3,False,JLEERBNEEM,group1
0.3837629823732406,0.7779514398346663,0.7030933997370894,6403,1.0,2024-01-04,signup,3,False,DIZUQQWZVD,group1
0.3837629823732406,0.2508110046632379,0.0,6404,0.0,2024-01-09,signup,5,True,RJBHYAJXXH,group1
0.271611825747159,0.07325258496612364,0.2812373598948357,6412,1.0,2024-01-07,signup,8,True,XEGPZVRLUC,group1
0.3837629823732406,0.4767195353684035,0.14061867994741786,6422,0.0,2024-01-05,signup,2,True,KYSZALHWJC,group1
0.49591413899932213,0.3589981626983816,0.5624747197896716,6423,0.0,2024-01-01,signup,5,False,GWOEZWKYXW,group1
0.49591413899932213,0.2734328822521741,0.0937457866316119,6424,0.0,2024-01-08,signup,7,False,GFXWWTXGKC,group1
0.49591413899932213,0.3793929664382234,0.37498314652644765,6425,0.0,2024-01-07,signup,3,True,WZQZKMNLYD,group1
0.271611825747159,0.8803683033985772,0.5624747197896716,6432,1.0,2024-01-05,signup,8,True,AWJJKEGORU,group1
0.9999999999999999,0.3029295742041076,0.5624747197896716,6439,1.0,2024-01-24,signup,7,False,NUYUKTLZKO,group1
0.271611825747159,0.5271209121416285,0.23436446657902976,6454,1.0,2024-01-02,signup,8,True,TZCOBDIVXN,group1
0.3837629823732406,0.2458185571505851,0.0937457866316119,6457,0.0,2024-01-07,signup,8,False,OUINBVSZON,group1
0.7202164522514855,0.2842910255837685,0.14061867994741786,6459,0.0,2024-01-10,signup,9,True,XWHXETOMIX,group1
0.271611825747159,0.5552585919149102,0.3281102532106417,6464,1.0,2024-01-22,signup,5,True,DQNNDIJJDL,group1
0.49591413899932213,0.5618694819955405,0.4218560398422536,6469,1.0,2024-01-05,signup,6,True,EMGJMRXOPJ,group1
0.271611825747159,0.40408564323605045,0.2812373598948357,6471,1.0,2024-01-07,signup,9,False,LGURQKAIHQ,group1
0.271611825747159,0.8865269042679302,0.8905849730003133,6474,1.0,2024-01-25,signup,7,False,UMDCYHOPAG,group1
0.15946066912107737,0.26202595788320115,0.4687289331580596,6476,1.0,2024-01-02,signup,8,False,CUQBDWZXOU,group1
0.7202164522514855,0.6332376515079727,0.6093476131054775,6480,1.0,2024-01-16,signup,5,True,USLSSFIDYW,group1
0.6080652956254038,0.6658878733654303,0.0937457866316119,6484,0.0,2024-01-31,signup,4,True,GANOKZUHJA,group1
0.49591413899932213,0.6341684494611508,0.23436446657902976,6488,0.0,2024-01-07,signup,6,True,LKFPYQHWKE,group1
0.832367608877567,1.0000000000000004,0.0,6491,0.0,2024-01-27,signup,8,True,OFVXYJDAUD,group1
0.271611825747159,0.22773747774844688,0.6093476131054775,6493,0.0,2024-01-24,signup,9,False,WKRULOAIHM,group1
0.15946066912107737,0.8135669519504036,0.7030933997370894,6505,1.0,2024-01-06,signup,4,False,QGEKVMJCWK,group1
0.7202164522514855,0.4236423205818891,0.5624747197896716,6508,1.0,2024-01-16,signup,3,False,QQCETARZIQ,group1
0.9999999999999999,0.5479402350154339,0.0,6515,0.0,2024-01-23,signup,4,True,VXSNARFIXG,group1
0.3837629823732406,0.42068519300379537,0.0937457866316119,6528,0.0,2024-01-18,signup,2,True,SCHGLZATBF,group1
0.7202164522514855,0.2246004280970686,0.3281102532106417,6529,1.0,2024-01-03,signup,5,True,EFTDSEOKSB,group1
0.7202164522514855,0.4771299437684249,0.37498314652644765,6531,1.0,2024-01-01,signup,1,False,CLYLQBATJZ,group1
0.9999999999999999,0.2798568904231109,0.5624747197896716,6535,0.0,2024-01-19,signup,6,True,AQFDMJSFVI,group1
0.6080652956254038,0.31209586788083854,0.3281102532106417,6537,1.0,2024-01-27,signup,4,False,INRLJGMVKR,group1
0.6080652956254038,0.23211069132510698,0.5156018264738655,6541,1.0,2024-01-09,signup,1,False,FSUWRNZQET,group1
0.832367608877567,0.6773166294230579,0.3281102532106417,6543,0.0,2024-01-21,signup,9,False,YWYFUPYJSW,group1
0.15946066912107737,0.31125644079779136,0.0937457866316119,6544,0.0,2024-01-28,signup,3,False,MCHXWWNLBG,group1
0.49591413899932213,0.32705765564650857,0.0937457866316119,6550,0.0,2024-01-20,signup,4,False,CRJUHNYWZX,group1
0.3837629823732406,0.6840235993171708,0.04687289331580596,6556,0.0,2024-01-10,signup,6,True,NNYQZYJJII,group1
0.3837629823732406,0.024606877962236595,0.18749157326322383,6560,0.0,2024-01-30,signup,5,False,WFGDMSXQSI,group1
0.7202164522514855,0.19137849104578653,0.0937457866316119,6562,0.0,2024-01-19,signup,5,False,TJQXUVZUMH,group1
0.7202164522514855,0.613475474550659,1.0,6567,1.0,2024-01-31,signup,8,False,DZLHVYHQGM,group1
0.15946066912107737,0.45285156410699123,0.7030933997370894,6571,0.0,2024-01-15,signup,9,False,BQZHIBAFJM,group1
0.3837629823732406,0.5761841407234867,0.0,6572,0.0,2024-01-20,signup,4,True,UCGXNIIXVR,group1
0.49591413899932213,0.23499011444667461,0.2812373598948357,6575,1.0,2024-01-15,signup,9,True,LCIDXYHHHT,group1
0.49591413899932213,0.4644753655691485,0.6093476131054775,6579,1.0,2024-01-26,signup,5,True,KXIHQYHQLZ,group1
0.7202164522514855,0.3986095069781661,0.7499662930528953,6581,1.0,2024-01-02,signup,7,True,LWAWRRGLCS,group1
0.49591413899932213,0.6718227547074989,0.0,6588,0.0,2024-01-18,signup,8,True,PBDQUMITWZ,group1
0.3837629823732406,0.22772425195718116,0.3281102532106417,6591,0.0,2024-01-22,signup,6,True,IGETTWYIRY,group1
0.271611825747159,0.5929013311343443,0.8437120796845072,6601,1.0,2024-01-30,signup,9,True,ZPXBRFKZAU,group1
0.3837629823732406,0.25359198947967876,1.0,6603,1.0,2024-01-15,signup,7,False,CCGKXELDPQ,group1
0.271611825747159,0.5275959848241971,0.2812373598948357,6606,0.0,2024-01-14,signup,2,True,DFZUECACTO,group1
0.271611825747159,0.5521581660206172,0.8905849730003133,6610,1.0,2024-01-21,signup,6,True,FYPWIEXLCD,group1
0.9999999999999999,0.5900271609351839,0.0937457866316119,6617,0.0,2024-01-17,signup,2,True,CMRSEYDUVF,group1
0.3837629823732406,0.45320803147286126,0.5624747197896716,6619,1.0,2024-01-16,signup,5,True,KCYDWELOJY,group1
0.3837629823732406,0.42662836771359114,0.0937457866316119,6621,0.0,2024-01-11,signup,8,True,BEALQNRXTS,group1
0.3837629823732406,0.23455839847535653,0.7030933997370894,6624,1.0,2024-01-03,signup,9,True,FDBMYCWQUE,group1
0.9999999999999999,0.5187757392297283,0.0,6625,0.0,2024-01-19,signup,2,True,NEDMZJFCLZ,group1
0.15946066912107737,0.8069068453610759,0.37498314652644765,6626,1.0,2024-01-14,signup,5,True,AWVYJVIBSP,group1
0.49591413899932213,0.6616073539971303,0.18749157326322383,6633,1.0,2024-01-11,signup,7,True,NZTFABLKKB,group1
0.271611825747159,0.7803625136012386,0.4218560398422536,6634,1.0,2024-01-19,signup,1,False,GLJNYXWPMV,group1
0.3837629823732406,0.2395848539977532,0.4687289331580596,6636,1.0,2024-01-16,signup,4,False,VZRGXAPEEP,group1
0.15946066912107737,0.8157604775839724,0.23436446657902976,6644,0.0,2024-01-16,signup,6,False,OQWANYBROU,group1
0.3837629823732406,0.8009650321774928,0.23436446657902976,6646,1.0,2024-01-22,signup,7,True,IVOEUNRTDE,group1
0.49591413899932213,0.5196455501608672,0.8437120796845072,6647,1.0,2024-01-06,signup,2,True,YIHOQTHTKQ,group1
0.271611825747159,0.5084567731763032,0.18749157326322383,6648,1.0,2024-01-07,signup,4,False,OXZGFJMURX,group1
0.271611825747159,0.6643871907104573,0.6562205064212835,6649,1.0,2024-01-14,signup,4,False,YPILOFTZHH,group1
0.49591413899932213,0.7922330253587098,0.4218560398422536,6651,1.0,2024-01-12,signup,2,True,USSMVNOYXN,group1
0.6080652956254038,0.6392533433835692,0.0,6652,0.0,2024-01-14,signup,7,False,TQWGKPRCQH,group1
0.832367608877567,0.7603405838808728,0.23436446657902976,6656,0.0,2024-01-22,signup,5,False,ZATHTDYYDU,group1
0.832367608877567,0.5662237879369001,0.04687289331580596,6657,0.0,2024-01-23,signup,2,False,FOMNAHUVZK,group1
0.9999999999999999,0.7503256511094287,0.0,6668,0.0,2024-01-03,signup,1,True,CTXZCNDXGX,group1
0.047309512494995765,0.6928061109040873,1.0,6671,1.0,2024-01-16,signup,5,False,FIQMPANKNJ,group1
0.49591413899932213,0.6650752219527645,0.0937457866316119,6674,0.0,2024-01-14,signup,7,True,LUNQHYLFUU,group1
0.49591413899932213,0.7334339809527042,0.9374578663161192,6680,1.0,2024-01-02,signup,9,True,PJEDQGKWZF,group1
0.3837629823732406,0.6286820451254642,0.0,6685,0.0,2024-01-15,signup,7,True,WDGHCJOPHW,group1
0.3837629823732406,0.6084749978412303,0.37498314652644765,6691,0.0,2024-01-16,signup,2,False,TETASKGNVG,group1
0.271611825747159,0.7302297615193498,0.6562205064212835,6692,1.0,2024-01-26,signup,7,False,QZJAJHNUWQ,group1
0.6080652956254038,0.16015089003383087,0.7030933997370894,6694,1.0,2024-01-17,signup,1,True,PPVOWYWSIG,group1
0.271611825747159,0.20017705547584708,0.23436446657902976,6699,0.0,2024-01-25,signup,2,False,PRZNTZTTNI,group1
0.271611825747159,0.5626669241199713,0.3281102532106417,6700,1.0,2024-01-20,signup,6,True,RSCAJEQHJX,group1
0.15946066912107737,0.17645287035331592,0.14061867994741786,6702,0.0,2024-01-27,signup,8,True,DSCGRUHWNR,group1
0.6080652956254038,0.9043161648462608,0.3281102532106417,6707,1.0,2024-01-27,signup,5,False,TUVUXRLMJS,group1
0.49591413899932213,0.6112021472665132,0.7499662930528953,6709,1.0,2024-01-31,signup,6,True,KAQBENMQBO,group1
0.3837629823732406,0.8778437364468128,0.23436446657902976,6715,0.0,2024-01-29,signup,1,True,DLAGTTYUOP,group1
0.271611825747159,0.23201524501539694,0.3281102532106417,6718,0.0,2024-01-09,signup,4,False,HAPEKPSQAS,group1
0.6080652956254038,0.9052396787444663,0.4687289331580596,6721,0.0,2024-01-30,signup,3,True,HZJCMQWKYD,group1
0.832367608877567,0.41559736372432354,0.04687289331580596,6731,0.0,2024-01-25,signup,4,True,DSNRRRQTUO,group1
0.271611825747159,0.28148951329447147,0.04687289331580596,6738,0.0,2024-01-13,signup,2,True,DOKUSCZWXZ,group1
0.49591413899932213,0.7691264776244133,0.18749157326322383,6739,1.0,2024-01-15,signup,7,True,SZHFWWYORF,group1
0.832367608877567,0.5915587664129331,0.04687289331580596,6740,0.0,2024-01-16,signup,3,True,IOZDGWIBNR,group1
0.49591413899932213,0.6296854880472949,0.0,6744,0.0,2024-01-01,signup,9,False,PSDJIXBALN,group1
0.3837629823732406,0.40533769248187657,0.3281102532106417,6747,0.0,2024-01-18,signup,9,False,EFIUSACWPD,group1
0.9445187655036485,0.4607592309686437,0.23436446657902976,6749,0.0,2024-01-16,signup,8,True,XFJNKMTNVK,group1
0.271611825747159,1.0000000000000004,0.04687289331580596,6750,0.0,2024-01-01,signup,3,False,ZMYOICKKJG,group1
0.3837629823732406,0.3820000933584611,0.14061867994741786,6751,1.0,2024-01-27,signup,4,False,LKJDVRQUWK,group1
0.271611825747159,0.0,0.4218560398422536,6756,1.0,2024-01-25,signup,6,False,LZRULEDIAM,group1
0.3837629823732406,0.4218825372889894,0.6562205064212835,6761,0.0,2024-01-22,signup,9,True,UGHKKMOKNV,group1
0.271611825747159,0.6340445966300012,0.04687289331580596,6762,0.0,2024-01-23,signup,5,False,LOVMYISAAY,group1
0.047309512494995765,0.5640856823049445,0.9374578663161192,6765,1.0,2024-01-27,signup,9,True,BMBYXDIGRM,group1
0.7202164522514855,0.4391814207879907,0.2812373598948357,6769,0.0,2024-01-04,signup,6,False,ADFDXVYUVU,group1
0.6080652956254038,0.5668061497472641,0.14061867994741786,6773,0.0,2024-01-13,signup,8,False,JPCQXFDVJJ,group1
0.271611825747159,0.03920052836211951,0.18749157326322383,6775,0.0,2024-01-13,signup,8,True,PPZTNMTDIP,group1
0.7202164522514855,0.32379151512599114,0.7968391863687013,6776,1.0,2024-01-04,signup,8,False,WDYRTNFZQW,group1
0.15946066912107737,0.3604710129004327,0.23436446657902976,6793,0.0,2024-01-27,signup,2,False,FHXAOMNNSA,group1
0.49591413899932213,0.7581909409433405,0.7968391863687013,6805,1.0,2024-01-27,signup,2,True,QXRTFOFZAT,group1
0.49591413899932213,0.7037388513499785,0.6093476131054775,6806,1.0,2024-01-03,signup,3,True,OUUOCPMRVD,group1
0.7202164522514855,0.3312571817377328,0.4687289331580596,6810,1.0,2024-01-01,signup,7,True,AIGRJOYFEM,group1
0.6080652956254038,0.0,0.5624747197896716,6811,0.0,2024-01-17,signup,2,False,BTJKEVSCSH,group1
0.7202164522514855,0.11548543761598395,0.37498314652644765,6813,1.0,2024-01-26,signup,2,False,RVBQTRKGXL,group1
0.3837629823732406,0.26334055771322706,0.18749157326322383,6814,0.0,2024-01-13,signup,4,False,ZEFCXZTLLU,group1
0.271611825747159,0.6448293287943003,0.0937457866316119,6815,0.0,2024-01-14,signup,8,True,GBNFFMATUK,group1
0.6080652956254038,0.5868552550710278,0.2812373598948357,6816,0.0,2024-01-01,signup,9,False,UXBAWFBGUO,group1
0.7202164522514855,0.11246139451501502,0.7030933997370894,6821,1.0,2024-01-24,signup,8,False,ORTICMOWEC,group1
0.9999999999999999,0.3104718238885025,0.0,6827,0.0,2024-01-05,signup,3,True,BCDUZLIKWP,group1
0.49591413899932213,0.0,0.4687289331580596,6828,1.0,2024-01-09,signup,5,True,EMUZKNKLJV,group1
0.271611825747159,0.5824617674900061,0.9374578663161192,6833,1.0,2024-01-19,signup,6,True,MKMEFFWXUB,group1
0.6080652956254038,0.40567499214183256,0.9374578663161192,6840,1.0,2024-01-08,signup,9,True,AEDBKAEPDM,group1
0.7202164522514855,0.6283540667119931,0.6562205064212835,6846,0.0,2024-01-12,signup,6,True,NAGRTDWBYF,group1
0.6080652956254038,0.0953409818121349,0.6093476131054775,6852,1.0,2024-01-06,signup,2,False,FUAJGVDDJF,group1
0.271611825747159,0.49182902565861353,0.2812373598948357,6855,0.0,2024-01-06,signup,4,True,SZPJDWZFKB,group1
0.6080652956254038,0.39439434052363387,0.5156018264738655,6860,0.0,2024-01-27,signup,6,True,IFLXJVNNDX,group1
0.9999999999999999,0.4420325568059549,0.4218560398422536,6870,1.0,2024-01-09,signup,9,True,DFESMERZAY,group1
0.3837629823732406,0.4583406280822091,0.37498314652644765,6881,0.0,2024-01-20,signup,8,True,GLCVYQSZVP,group1
0.271611825747159,0.5427773469158059,0.2812373598948357,6885,1.0,2024-01-13,signup,3,False,GXFLOWQZBT,group1
0.15946066912107737,1.0000000000000004,0.0,6888,0.0,2024-01-27,signup,6,False,None,group1
0.15946066912107737,0.7884039230850246,0.9843307596319252,6892,1.0,2024-01-29,signup,9,False,GKNVETDHBJ,group1
0.15946066912107737,0.4481858474975806,0.14061867994741786,6902,0.0,2024-01-29,signup,7,True,XWLQHERGPM,group1
0.271611825747159,0.4943798407422326,0.5624747197896716,6903,1.0,2024-01-21,signup,2,True,UCAMJOSRRK,group1
0.271611825747159,0.1786314116962977,0.0937457866316119,6905,0.0,2024-01-02,signup,5,True,SBSBLVPGUR,group1
0.7202164522514855,0.5733299881263161,0.3281102532106417,6910,0.0,2024-01-24,signup,5,True,YUORVWJVOA,group1
0.271611825747159,0.392333469417419,0.18749157326322383,6914,0.0,2024-01-10,signup,4,True,HLFVQGPPIO,group1
0.7202164522514855,0.6019813425674738,0.14061867994741786,6916,0.0,2024-01-18,signup,3,False,ESRCENFMSB,group1
0.6080652956254038,0.6466631319065463,0.6562205064212835,6917,1.0,2024-01-04,signup,6,True,AXPCPYENRC,group1
0.9445187655036485,0.2999839556853128,0.2812373598948357,6920,1.0,2024-01-20,signup,5,True,XTAQSUSRGI,group1
0.49591413899932213,0.5379656908936625,0.37498314652644765,6926,0.0,2024-01-18,signup,2,False,JCIEDKMCHM,group1
0.271611825747159,0.3133660982900861,0.18749157326322383,6928,1.0,2024-01-01,signup,7,False,STERGDNWXV,group1
0.832367608877567,0.5860223894017622,0.37498314652644765,6931,0.0,2024-01-18,signup,8,False,TFHYNUQNMZ,group1
0.7202164522514855,0.5941154461295546,0.3281102532106417,6934,1.0,2024-01-20,signup,4,True,NEOQRZUJZS,group1
0.3837629823732406,0.5059602827141543,0.0,6939,0.0,2024-01-31,signup,2,True,NKNUJUAYFZ,group1
0.3837629823732406,0.2511369253867617,0.3281102532106417,6940,1.0,2024-01-06,signup,7,True,HBNCLHZWAK,group1
0.49591413899932213,0.8679663733661518,0.5156018264738655,6950,1.0,2024-01-01,signup,3,True,JNFVVLCELY,group1
0.3837629823732406,0.005009299974760406,0.14061867994741786,6951,0.0,2024-01-06,signup,5,True,DCJFAVZEWB,group1
0.271611825747159,0.7355685302455077,0.0937457866316119,6955,0.0,2024-01-19,signup,8,True,XPGTJYVEWP,group1
0.271611825747159,0.3577612170083082,0.18749157326322383,6956,1.0,2024-01-04,signup,4,True,YQRFAFTASN,group1
0.49591413899932213,0.32729115920719565,0.4218560398422536,6965,0.0,2024-01-10,signup,6,False,QPEGZHZCVI,group1
0.6080652956254038,1.0000000000000004,0.18749157326322383,6970,0.0,2024-01-13,signup,2,False,HFJZPDTZWW,group1
0.7202164522514855,0.8879689609426316,0.37498314652644765,6972,0.0,2024-01-12,signup,7,True,ZVEGTAWNMX,group1
0.3837629823732406,0.8788644449315126,0.7030933997370894,6976,1.0,2024-01-03,signup,9,False,PVXORSHXIU,group1
0.271611825747159,0.739360130276113,0.14061867994741786,6983,1.0,2024-01-21,signup,5,False,JIFNPWEUUD,group1
0.49591413899932213,0.2698386804203121,0.18749157326322383,6985,0.0,2024-01-25,signup,3,True,GWQWPDNRCH,group1
0.49591413899932213,1.0000000000000004,0.37498314652644765,6987,0.0,2024-01-02,signup,4,False,WIXYEDDWFR,group1
0.832367608877567,0.28655129077557895,0.5624747197896716,6990,1.0,2024-01-16,signup,4,False,CKSBLSAACM,group1
0.3837629823732406,0.6173540589140969,0.3281102532106417,6993,0.0,2024-01-21,signup,4,False,ACFSSZZNVZ,group1
0.3837629823732406,0.5362152581114641,0.18749157326322383,6995,1.0,2024-01-03,signup,7,True,KVTBLIRNVO,group1
0.49591413899932213,0.39201764413816065,0.04687289331580596,6998,0.0,2024-01-18,signup,3,False,KXXBSWRRSA,group1
0.6080652956254038,0.2629299889194878,0.4218560398422536,7015,1.0,2024-01-01,signup,2,True,IWUTSXBYKH,group1
0.832367608877567,0.24867626182720048,0.6093476131054775,7016,0.0,2024-01-28,signup,1,True,DIHYBREBOI,group1
0.6080652956254038,0.465694485118342,0.23436446657902976,7020,1.0,2024-01-26,signup,6,False,DXDGZUZKUR,group1
0.271611825747159,0.6796720252761008,0.5624747197896716,7030,1.0,2024-01-13,signup,4,True,BSLYHDQMIT,group1
0.49591413899932213,0.8510878698896969,0.4687289331580596,7033,1.0,2024-01-10,signup,9,False,XVJVIBCAZY,group1
0.49591413899932213,0.651919853549388,0.4687289331580596,7039,1.0,2024-01-05,signup,6,False,TYXRBZNXNE,group1
0.49591413899932213,1.0000000000000004,0.6093476131054775,7040,1.0,2024-01-12,signup,8,False,BQFYBZYOKG,group1
0.271611825747159,0.14247407864610695,0.04687289331580596,7047,0.0,2024-01-27,signup,4,True,WRNDDIOMVG,group1
0.6080652956254038,0.614265762858849,0.0,7048,0.0,2024-01-22,signup,7,True,MWJYTIJKNT,group1
0.3837629823732406,0.44995354030048595,0.8437120796845072,7051,1.0,2024-01-20,signup,2,False,MWVFZVLZZI,group1
0.6080652956254038,0.5610968805487304,0.2812373598948357,7052,1.0,2024-01-26,signup,8,False,IULXBBCTSL,group1
0.271611825747159,0.7300358978047337,0.18749157326322383,7053,0.0,2024-01-16,signup,4,True,EZEYLMMXVJ,group1
0.3837629823732406,0.5565036057081856,0.5624747197896716,7055,0.0,2024-01-13,signup,1,True,NSEVIOMPNX,group1
0.15946066912107737,0.4764926858429974,0.0,7057,0.0,2024-01-23,signup,3,True,ILIGJWOISW,group1
0.15946066912107737,0.47203668786966224,0.5624747197896716,7059,1.0,2024-01-05,signup,4,True,IGRACZTRUE,group1
0.49591413899932213,0.5136456787390768,0.0937457866316119,7068,0.0,2024-01-06,signup,9,False,LXBNGUBETM,group1
0.271611825747159,0.7425413261111027,0.04687289331580596,7071,0.0,2024-01-23,signup,3,True,ZLTGMPFZUV,group1
0.3837629823732406,0.4560638647493831,0.6093476131054775,7072,1.0,2024-01-17,signup,3,True,KEAXYUFTQA,group1
0.3837629823732406,0.2317585682483223,0.9374578663161192,7075,0.0,2024-01-29,signup,8,True,XWQWCHEPGD,group1
0.49591413899932213,0.45676207620705345,0.6562205064212835,7078,1.0,2024-01-22,signup,7,False,TFFIBPOIUW,group1
0.15946066912107737,0.5546644275503883,1.0,7085,0.0,2024-01-14,signup,1,True,XXHJUVIGCR,group1
0.0,0.2287345239618399,0.23436446657902976,7094,0.0,2024-01-28,signup,5,True,MBWGJGUXWE,group1
0.49591413899932213,0.24309399743126114,0.4218560398422536,7096,1.0,2024-01-10,signup,3,False,SAUNAWXLAO,group1
0.49591413899932213,0.3226483110258114,0.18749157326322383,7100,0.0,2024-01-03,signup,3,True,LMVSUQADIL,group1
0.49591413899932213,0.4838454952464528,0.2812373598948357,7103,1.0,2024-01-07,signup,6,False,SUUTOJQNYX,group1
0.6080652956254038,0.8251279050884568,0.0,7109,0.0,2024-01-04,signup,5,False,HALZQIJHBT,group1
0.3837629823732406,0.0,0.7968391863687013,7111,1.0,2024-01-02,signup,5,True,ANYOCIVWDQ,group1
0.3837629823732406,0.0,0.7030933997370894,7119,1.0,2024-01-15,signup,1,True,PASRZKCAZH,group1
0.49591413899932213,0.6245348262178441,0.0937457866316119,7124,0.0,2024-01-30,signup,6,False,FAARBAEYRU,group1
0.6080652956254038,0.5491781894611916,0.23436446657902976,7125,0.0,2024-01-01,signup,5,False,DWJQWZYQSK,group1
0.047309512494995765,0.7811346233616048,0.14061867994741786,7127,0.0,2024-01-14,signup,1,False,HSXEYVBBHI,group1
0.3837629823732406,0.3879496991842708,0.0,7130,0.0,2024-01-23,signup,8,True,ITBKUVTUOL,group1
0.15946066912107737,0.356662678110399,0.5624747197896716,7138,1.0,2024-01-17,signup,1,False,SIEAGSEHEF,group1
0.047309512494995765,0.3511922949115749,0.6093476131054775,7142,1.0,2024-01-31,signup,5,True,UROXWOUFBL,group1
0.6080652956254038,0.1630766633465246,0.04687289331580596,7143,0.0,2024-01-06,signup,1,True,FYZBTGWHBW,group1
0.3837629823732406,0.7809248651384295,0.8437120796845072,7145,1.0,2024-01-02,signup,7,False,LUWHUOPKXR,group1
0.15946066912107737,0.2912992907849614,0.4218560398422536,7149,1.0,2024-01-06,signup,6,False,LBHXADFVWZ,group1
0.6080652956254038,0.3872726599860532,0.9374578663161192,7162,1.0,2024-01-22,signup,9,False,RFKCWKYIAC,group1
0.15946066912107737,0.07755028090603044,0.18749157326322383,7163,1.0,2024-01-02,signup,9,True,SNMSATHWVR,group1
0.832367608877567,0.35514280349235827,0.0937457866316119,7165,0.0,2024-01-16,signup,2,False,CEPCYMALNL,group1
0.271611825747159,0.582945144953853,0.0937457866316119,7168,0.0,2024-01-24,signup,2,False,AQNYIPNNJA,group1
0.832367608877567,0.5480255491366233,0.0937457866316119,7169,0.0,2024-01-04,signup,8,True,DEIHQQKSFJ,group1
0.3837629823732406,0.06034526725384781,0.0,7174,0.0,2024-01-16,signup,8,False,NDEBZTPSSU,group1
0.6080652956254038,0.6487519973916616,0.14061867994741786,7175,0.0,2024-01-04,signup,3,True,ARBQLFMROQ,group1
0.15946066912107737,0.9289594414225482,0.04687289331580596,7180,0.0,2024-01-28,signup,5,True,VIIBIKIXLL,group1
0.6080652956254038,0.7621002247448323,0.4687289331580596,7182,1.0,2024-01-02,signup,3,False,LPEUSIEUFA,group1
0.9445187655036485,0.3443687642221631,0.7499662930528953,7197,1.0,2024-01-11,signup,3,False,PNYZQYQCJW,group1
0.49591413899932213,0.3381604886226661,0.37498314652644765,7213,1.0,2024-01-21,signup,7,True,UZIDJUEORE,group1
0.7202164522514855,0.2653268574774872,0.4218560398422536,7215,1.0,2024-01-28,signup,9,True,SBJDEYMALZ,group1
0.832367608877567,0.5904149410978796,1.0,7219,1.0,2024-01-18,signup,4,True,FDHTHYCCNN,group1
0.3837629823732406,0.870057830274698,0.14061867994741786,7230,0.0,2024-01-09,signup,7,False,TUIBXHWESG,group1
0.15946066912107737,0.3651443384941051,0.5156018264738655,7233,1.0,2024-01-03,signup,8,False,UWVNBAHBLJ,group1
0.832367608877567,0.20976739400038813,0.7030933997370894,7234,0.0,2024-01-02,signup,7,False,AJPXNEYHEH,group1
0.7202164522514855,0.4100089206311073,0.0,7235,0.0,2024-01-06,signup,8,False,KDNQMBUTXR,group1
0.49591413899932213,0.4428628955999576,0.7968391863687013,7240,1.0,2024-01-19,signup,4,True,MKSZSFHRSX,group1
0.7202164522514855,0.649396618082855,0.0937457866316119,7244,0.0,2024-01-12,signup,2,True,IIALMAJUOU,group1
0.7202164522514855,0.0,0.4687289331580596,7250,1.0,2024-01-05,signup,9,True,SMKLJTDRID,group1
0.6080652956254038,0.17242268402367644,0.8437120796845072,7251,1.0,2024-01-27,signup,1,True,ZDCPFRDOKN,group1
0.7202164522514855,0.43864478385088823,0.0937457866316119,7254,0.0,2024-01-06,signup,5,True,DPMGZUQRTD,group1
0.7202164522514855,0.44339395198618403,0.2812373598948357,7257,0.0,2024-01-21,signup,6,True,MVLUAFBFWS,group1
0.49591413899932213,0.6233238887036201,0.7499662930528953,7258,1.0,2024-01-10,signup,2,False,OBHAIGPEOC,group1
0.271611825747159,0.854913351893341,0.37498314652644765,7259,0.0,2024-01-04,signup,1,True,VRZLTAZKAD,group1
0.3837629823732406,0.0,0.0,7261,0.0,2024-01-12,signup,7,False,ZJXMJEWLYX,group1
0.3837629823732406,0.5350997804416013,0.6093476131054775,7262,1.0,2024-01-10,signup,8,False,WAWRWRJXVS,group1
0.3837629823732406,0.857053216400367,0.8437120796845072,7264,1.0,2024-01-14,signup,6,False,FNRHBTFPRS,group1
0.49591413899932213,0.6447873190212499,0.04687289331580596,7265,0.0,2024-01-05,signup,3,True,KENSBQFTIE,group1
0.15946066912107737,0.5062915991394625,0.14061867994741786,7266,0.0,2024-01-01,signup,4,True,DTUFAVWZCM,group1
0.271611825747159,0.17362162135329617,0.14061867994741786,7269,0.0,2024-01-31,signup,7,True,IDQAVCIYYV,group1
0.9445187655036485,0.8928654442784167,0.23436446657902976,7274,0.0,2024-01-29,signup,6,False,KSDUPSVPAK,group1
0.832367608877567,0.4118290425146034,0.6562205064212835,7279,1.0,2024-01-10,signup,8,True,UNPRBSVZIH,group1
0.15946066912107737,0.9076341920735467,0.23436446657902976,7280,1.0,2024-01-15,signup,4,True,BIGXSVKKAE,group1
0.3837629823732406,1.0000000000000004,0.2812373598948357,7284,0.0,2024-01-22,signup,4,True,ZQFNXUWBEY,group1
0.3837629823732406,0.2530557963711013,0.8437120796845072,7290,1.0,2024-01-25,signup,6,False,XFPFTLIJIK,group1
0.6080652956254038,0.5488970117295642,0.37498314652644765,7291,0.0,2024-01-13,signup,8,False,SWTVRGRDVV,group1
0.49591413899932213,0.3941428420347206,0.04687289331580596,7298,0.0,2024-01-07,signup,5,False,MOWNTOZZBK,group1
0.7202164522514855,0.5770141535758406,0.18749157326322383,7302,0.0,2024-01-30,signup,6,True,RJGFIJJORJ,group1
0.7202164522514855,0.6566704838042923,0.5624747197896716,7319,1.0,2024-01-10,signup,6,True,VXIBXYIHMJ,group1
0.49591413899932213,0.7336332299539303,0.23436446657902976,7322,0.0,2024-01-04,signup,1,True,YKMNKMEOBP,group1
0.15946066912107737,0.18200769574339182,0.37498314652644765,7328,0.0,2024-01-29,signup,7,False,RWOFRQNNBJ,group1
0.3837629823732406,0.0019675285624640715,0.04687289331580596,7334,0.0,2024-01-23,signup,8,False,CGWEZDOGPJ,group1
0.49591413899932213,0.7113952005578432,0.37498314652644765,7348,1.0,2024-01-20,signup,5,False,UZNAINNFPP,group1
0.49591413899932213,0.3410812870386968,0.18749157326322383,7351,0.0,2024-01-01,signup,8,True,PHMALOZIIS,group1
0.832367608877567,0.14544011139780766,0.04687289331580596,7352,0.0,2024-01-13,signup,8,False,DSRGYUFDMS,group1
0.9445187655036485,0.2568876829431064,0.04687289331580596,7358,0.0,2024-01-19,signup,5,True,ZWECTJNDKB,group1
0.15946066912107737,0.5051055316353641,0.04687289331580596,7361,0.0,2024-01-13,signup,2,False,HPROWHSFYX,group1
0.9445187655036485,0.19610801891551244,0.14061867994741786,7368,0.0,2024-01-10,signup,4,False,HSJRAWICYC,group1
0.7202164522514855,0.3322475759101944,0.2812373598948357,7370,1.0,2024-01-07,signup,2,False,ZEZZRTESNQ,group1
0.7202164522514855,0.3264927374374653,0.18749157326322383,7372,0.0,2024-01-24,signup,8,False,SOKUKSZQWS,group1
0.6080652956254038,0.5594291171599135,0.0937457866316119,7375,0.0,2024-01-03,signup,9,False,FLSFFRVWWD,group1
0.6080652956254038,0.4162815992210964,0.3281102532106417,7380,0.0,2024-01-03,signup,8,True,None,group1
0.3837629823732406,0.7247531618496104,0.6093476131054775,7383,1.0,2024-01-08,signup,6,False,XXKQHJPKHX,group1
0.9999999999999999,0.38937251235233905,0.0937457866316119,7388,0.0,2024-01-25,signup,5,True,OBXQXDODSO,group1
0.9999999999999999,0.3902912856715468,0.5624747197896716,7389,0.0,2024-01-11,signup,9,False,RJOAMEFMOW,group1
0.6080652956254038,0.2659830996723911,0.0937457866316119,7396,0.0,2024-01-18,signup,1,False,KNBSXRFBYU,group1
0.832367608877567,0.5060111580193953,0.6093476131054775,7399,0.0,2024-01-12,signup,7,True,EAPRCDTQJP,group1
0.15946066912107737,1.0000000000000004,0.04687289331580596,7400,0.0,2024-01-04,signup,5,True,WLNKLAEIGK,group1
0.3837629823732406,0.5415847413730241,0.7968391863687013,7401,1.0,2024-01-15,signup,5,True,WVMSKCJYLN,group1
0.9445187655036485,0.2772677622661184,0.14061867994741786,7402,1.0,2024-01-11,signup,8,True,NLAOLZQCEC,group1
0.3837629823732406,0.1976035006175394,0.0,7404,0.0,2024-01-19,signup,7,False,DEEEWCFWJZ,group1
0.271611825747159,0.614048112214908,0.7968391863687013,7411,0.0,2024-01-25,signup,2,False,TZGROQOJPY,group1
0.6080652956254038,0.10642102607254733,0.23436446657902976,7412,0.0,2024-01-14,signup,7,True,CZXUXVUJEL,group1
0.49591413899932213,0.18387991762009603,0.8437120796845072,7421,1.0,2024-01-09,signup,6,False,STRLZPAQID,group1
0.3837629823732406,0.7990178505344718,0.37498314652644765,7422,0.0,2024-01-11,signup,1,True,FWAMCNBFWK,group1
0.832367608877567,0.609750485131308,0.0,7432,0.0,2024-01-21,signup,6,False,MKPPMFDIXA,group1
0.3837629823732406,0.8793822472896706,1.0,7440,1.0,2024-01-06,signup,5,True,RCIHOEOPCF,group1
0.6080652956254038,0.7483804898555957,0.0,7452,0.0,2024-01-20,signup,8,True,DJCUUWTCOT,group1
0.49591413899932213,0.682501357406589,0.37498314652644765,7456,1.0,2024-01-06,signup,2,True,UKTRNUYUTW,group1
0.49591413899932213,0.5942804627397349,0.0937457866316119,7465,0.0,2024-01-10,signup,5,False,LWZIMHYSKP,group1
0.271611825747159,0.6394722664599151,0.4218560398422536,7466,1.0,2024-01-15,signup,2,True,GSNQUUFPWA,group1
0.49591413899932213,0.7831733602436386,0.5624747197896716,7473,1.0,2024-01-05,signup,3,True,SGXJCKRHAX,group1
0.9999999999999999,0.22687139808159262,0.23436446657902976,7479,0.0,2024-01-01,signup,7,False,VDUODCFMKI,group1
0.271611825747159,0.5964147657696262,0.18749157326322383,7480,0.0,2024-01-21,signup,1,True,UCQYAPQFYU,group1
0.271611825747159,0.3373392065527736,0.04687289331580596,7481,0.0,2024-01-01,signup,5,False,JVXMSSXWVN,group1
0.832367608877567,0.7931609172293079,0.23436446657902976,7482,0.0,2024-01-12,signup,1,False,DPBBOHDAWE,group1
0.271611825747159,0.564183300593124,0.0,7490,0.0,2024-01-02,signup,4,False,LCVLCZZZJU,group1
0.49591413899932213,0.26617506333183316,0.04687289331580596,7491,0.0,2024-01-15,signup,9,False,XDCOHUXDBS,group1
0.15946066912107737,0.5777009709284289,0.7499662930528953,7494,1.0,2024-01-20,signup,8,True,AIZFXXNYVF,group1
0.271611825747159,0.8270974219547385,0.18749157326322383,7498,0.0,2024-01-08,signup,6,False,PXHLYWVNZJ,group1
0.3837629823732406,0.3814602384138204,0.37498314652644765,7500,1.0,2024-01-10,signup,1,True,ATQPRIAYRB,group1
0.49591413899932213,0.8239200084031149,1.0,7505,1.0,2024-01-09,signup,2,False,BICMLSSZCV,group1
0.6080652956254038,0.28214474235904374,0.0,7506,0.0,2024-01-09,signup,3,False,MOMOGJLAHZ,group1
0.9445187655036485,0.5005273985293375,1.0,7518,1.0,2024-01-04,signup,8,False,QAZYCBGWDA,group1
0.7202164522514855,0.14550501966160878,0.3281102532106417,7521,1.0,2024-01-06,signup,9,False,LWCELTGQJP,group1
0.7202164522514855,0.8691434205271862,0.8905849730003133,7523,1.0,2024-01-09,signup,1,True,VCYZMNQFYN,group1
0.6080652956254038,0.16542630755401255,0.5156018264738655,7526,1.0,2024-01-21,signup,3,True,THDKDGHOWS,group1
0.49591413899932213,0.4782293547481178,0.3281102532106417,7528,1.0,2024-01-06,signup,6,False,DUWNGHGQSG,group1
0.6080652956254038,0.44390354539974197,0.23436446657902976,7531,0.0,2024-01-25,signup,9,False,TOMUWSDIYR,group1
0.9445187655036485,0.6320957057285028,0.23436446657902976,7533,1.0,2024-01-22,signup,7,True,QSPBPZMUQD,group1
0.49591413899932213,0.7337237907118102,0.18749157326322383,7541,0.0,2024-01-28,signup,1,True,WNNOQOCXTZ,group1
0.49591413899932213,0.6709634097528467,0.7499662930528953,7542,1.0,2024-01-03,signup,9,True,VZSJBBWGJT,group1
0.271611825747159,0.7416944979660496,0.04687289331580596,7545,0.0,2024-01-02,signup,9,False,QIBFEUIKDW,group1
0.49591413899932213,0.4123260753528122,0.37498314652644765,7552,1.0,2024-01-20,signup,1,True,ZNETCSGERB,group1
0.49591413899932213,0.6662124162516196,0.5624747197896716,7557,1.0,2024-01-31,signup,1,False,BFZWUUEYBN,group1
0.832367608877567,0.324390023548923,0.4687289331580596,7559,1.0,2024-01-26,signup,3,True,KVHKRDJGQS,group1
0.49591413899932213,0.49806314316966693,0.7968391863687013,7562,0.0,2024-01-28,signup,1,False,KQIKJUVEPH,group1
0.271611825747159,0.5525278514128016,0.7968391863687013,7570,0.0,2024-01-01,signup,3,True,YESNTPBGXL,group1
0.047309512494995765,0.9010691104574842,0.37498314652644765,7576,1.0,2024-01-22,signup,6,True,DSCDRRPAWG,group1
0.49591413899932213,0.7876183744691163,1.0,7577,1.0,2024-01-20,signup,9,False,NSKFJJJYWD,group1
0.832367608877567,0.48680725890128507,0.0937457866316119,7590,0.0,2024-01-17,signup,8,False,GNNGOXCAPG,group1
0.49591413899932213,0.32816018191371077,0.8437120796845072,7591,1.0,2024-01-05,signup,4,True,DWTPUTCLZL,group1
0.49591413899932213,0.6340304426731658,0.0937457866316119,7597,0.0,2024-01-25,signup,6,True,QMMTQJOXIN,group1
0.3837629823732406,0.5397360191593967,0.18749157326322383,7621,1.0,2024-01-26,signup,8,True,MGKJJBXSDR,group1
0.271611825747159,0.24949780931943843,1.0,7625,1.0,2024-01-24,signup,6,False,IQSYRVYMXN,group1
0.6080652956254038,0.7894524295287697,0.7968391863687013,7627,0.0,2024-01-19,signup,9,True,OXDNTIDODS,group1
0.49591413899932213,0.4254135089282558,0.5624747197896716,7628,1.0,2024-01-13,signup,7,True,ERUAFIPKDC,group1
0.271611825747159,0.3177738837835027,0.23436446657902976,7629,1.0,2024-01-31,signup,6,False,FXOCDEMHDN,group1
0.047309512494995765,0.17685441010242453,0.0937457866316119,7632,0.0,2024-01-02,signup,8,True,LEMCHINEJH,group1
0.49591413899932213,0.5385661999365321,0.0937457866316119,7648,0.0,2024-01-05,signup,4,True,UWPYDDUWKA,group1
0.15946066912107737,0.36419462254550616,0.3281102532106417,7657,1.0,2024-01-11,signup,9,True,GHBRMUFJZU,group1
0.7202164522514855,0.33905908336259394,0.0937457866316119,7658,0.0,2024-01-04,signup,2,False,XAMBATUBVE,group1
0.832367608877567,0.7675794701218379,0.3281102532106417,7668,1.0,2024-01-12,signup,9,True,OAHKFNEPLA,group1
0.49591413899932213,0.43357325534718916,0.7030933997370894,7675,1.0,2024-01-16,signup,3,False,BVEZRKEXHZ,group1
0.49591413899932213,0.485540414522033,0.0,7679,0.0,2024-01-07,signup,1,True,VOZPKNVDCV,group1
0.6080652956254038,0.883963542877253,0.7030933997370894,7680,1.0,2024-01-19,signup,9,False,PUAJKJWCSB,group1
0.3837629823732406,0.0,0.18749157326322383,7690,0.0,2024-01-03,signup,2,False,FFGGNKJORY,group1
0.3837629823732406,0.7748207779494223,0.6562205064212835,7695,1.0,2024-01-07,signup,5,True,MNIWAGGAWT,group1
0.3837629823732406,0.42718799275084773,0.04687289331580596,7703,0.0,2024-01-30,signup,6,False,JCZLVQQKEW,group1
0.49591413899932213,0.0,0.4218560398422536,7706,1.0,2024-01-16,signup,7,False,ZJCJSFHRVC,group1
0.3837629823732406,0.6883677621021107,0.18749157326322383,7711,0.0,2024-01-21,signup,2,False,NJTQROTNPX,group1
0.15946066912107737,0.609625759814123,0.0,7712,0.0,2024-01-26,signup,7,True,ZFKKOJKZLV,group1
0.3837629823732406,0.5003258163452635,0.04687289331580596,7713,0.0,2024-01-19,signup,9,True,YKEFTGFYKU,group1
0.832367608877567,0.49908591163978633,0.0937457866316119,7722,0.0,2024-01-27,signup,3,True,MGDUJEJIMW,group1
0.49591413899932213,0.6568255890412149,0.8437120796845072,7723,1.0,2024-01-04,signup,5,True,IVVDWUBJSW,group1
0.832367608877567,0.43682820476415474,0.0937457866316119,7726,0.0,2024-01-08,signup,9,True,CCBDRTHLBO,group1
0.271611825747159,0.7189095980393438,0.7499662930528953,7730,1.0,2024-01-06,signup,3,True,ABKNDWRTIM,group1
0.49591413899932213,0.5090619516036923,0.04687289331580596,7731,0.0,2024-01-23,signup,3,False,PGRDWTZKPC,group1
0.271611825747159,0.14023352036604786,0.5156018264738655,7738,1.0,2024-01-09,signup,3,False,XJBVYLOZVE,group1
0.9999999999999999,0.41700041833760304,0.5624747197896716,7747,1.0,2024-01-09,signup,5,False,COPHYJRPQJ,group1
0.3837629823732406,0.43266701900389615,0.04687289331580596,7748,0.0,2024-01-31,signup,5,False,HBNJVOURIO,group1
0.271611825747159,0.6698021289892901,0.0,7753,0.0,2024-01-16,signup,7,True,VBLOZZZWJS,group1
0.49591413899932213,0.578498799467754,0.7499662930528953,7762,0.0,2024-01-24,signup,7,True,RQZZPECAAW,group1
0.7202164522514855,0.5750312500165831,0.6093476131054775,7764,1.0,2024-01-31,signup,3,False,MQPXELZJSL,group1
0.7202164522514855,0.4794251094092443,0.4218560398422536,7773,0.0,2024-01-29,signup,5,True,ELUKKAXANJ,group1
0.6080652956254038,0.537223795546323,0.0937457866316119,7776,0.0,2024-01-01,signup,8,True,YTZNFSAUTJ,group1
0.7202164522514855,0.30527489566971644,0.8905849730003133,7778,1.0,2024-01-17,signup,6,False,HAVYTCWJGT,group1
0.271611825747159,0.4217809571217548,0.4218560398422536,7779,1.0,2024-01-22,signup,1,False,VYJOXMHJCS,group1
0.047309512494995765,0.07558839590014266,1.0,7780,0.0,2024-01-29,signup,5,True,XGWEHOZUWS,group1
0.3837629823732406,0.6594393417675084,0.6093476131054775,7782,1.0,2024-01-17,signup,3,True,BPKYWJAQZH,group1
0.3837629823732406,0.6389658432225644,0.0,7786,0.0,2024-01-12,signup,4,True,WGLVBWTJPD,group1
0.49591413899932213,0.496862535936359,0.7030933997370894,7790,1.0,2024-01-07,signup,4,False,SHOYEGWUSO,group1
0.15946066912107737,0.2636080074147076,0.6562205064212835,7794,1.0,2024-01-22,signup,5,True,CMRGDHXBOJ,group1
0.271611825747159,0.30217903853412986,0.4687289331580596,7801,0.0,2024-01-17,signup,3,True,ZZGOQMDFDM,group1
0.3837629823732406,1.0000000000000004,0.18749157326322383,7805,0.0,2024-01-11,signup,1,True,PMSXUOPSFF,group1
0.49591413899932213,0.3381655342418113,0.4218560398422536,7807,1.0,2024-01-21,signup,8,False,MGXGTIJGZL,group1
0.15946066912107737,0.3173958584997294,0.23436446657902976,7808,0.0,2024-01-01,signup,9,True,OYXHPDUAZT,group1
0.3837629823732406,0.465150315390058,0.3281102532106417,7810,0.0,2024-01-02,signup,9,False,ETZCZTEYFN,group1
0.7202164522514855,0.22863470103578099,0.0,7812,0.0,2024-01-22,signup,3,False,JCRVAOVKNT,group1
0.49591413899932213,0.6860316236606052,0.0,7814,0.0,2024-01-20,signup,8,True,DASPVBQIKK,group1
0.832367608877567,0.7625050952849035,1.0,7815,1.0,2024-01-01,signup,1,True,DBAFTOJTZS,group1
0.9999999999999999,0.6663176920956801,0.23436446657902976,7816,0.0,2024-01-21,signup,4,False,TDEPBBPPHX,group1
0.6080652956254038,0.3981116533818989,0.37498314652644765,7817,1.0,2024-01-20,signup,5,True,LFQCOTOVMT,group1
0.3837629823732406,0.0,0.6093476131054775,7836,1.0,2024-01-18,signup,7,True,WNEEXKQGLA,group1
0.49591413899932213,0.5601040419372878,0.2812373598948357,7838,0.0,2024-01-25,signup,9,True,DHSDDIQPQU,group1
0.49591413899932213,0.3121223935393882,0.0,7848,0.0,2024-01-12,signup,7,True,MYXZQXLMBC,group1
0.49591413899932213,0.1783861898163801,0.0,7849,0.0,2024-01-11,signup,4,True,YNEDSSCRJL,group1
0.49591413899932213,0.6877592459549051,0.0,7855,0.0,2024-01-06,signup,2,True,FJCXFSHPMK,group1
0.271611825747159,0.5326932199312249,0.2812373598948357,7861,0.0,2024-01-06,signup,8,False,QFQVGXGDHF,group1
0.49591413899932213,0.5377467739034953,0.04687289331580596,7867,0.0,2024-01-24,signup,1,True,HZLJPUTAFJ,group1
0.3837629823732406,0.7496488843771987,0.2812373598948357,7873,1.0,2024-01-26,signup,4,True,MGMRNGEGBZ,group1
0.49591413899932213,0.35595621586373793,0.7968391863687013,7876,1.0,2024-01-20,signup,3,True,KWBXCTCNCH,group1
0.271611825747159,0.6199615657523192,0.23436446657902976,7879,0.0,2024-01-20,signup,8,True,SJMOFHRIKD,group1
0.271611825747159,0.19399811109883824,0.04687289331580596,7880,0.0,2024-01-28,signup,3,True,RUSAKXGRYP,group1
0.271611825747159,0.7879794195186407,0.14061867994741786,7881,0.0,2024-01-08,signup,3,False,NXKUOTIMAQ,group1
0.047309512494995765,0.33713021636530227,1.0,7882,1.0,2024-01-11,signup,2,False,JDOZXNRUEE,group1
0.6080652956254038,0.35881637380598175,0.4218560398422536,7885,1.0,2024-01-19,signup,2,True,UJMODBVGXQ,group1
0.7202164522514855,0.411564410825195,0.37498314652644765,7895,1.0,2024-01-13,signup,1,True,AXEMDGWYMU,group1
0.3837629823732406,0.5240975186894348,0.5624747197896716,7900,1.0,2024-01-13,signup,9,False,TVMXOCCFJS,group1
0.49591413899932213,0.8565231256240193,0.2812373598948357,7902,0.0,2024-01-18,signup,5,False,BGYBNEELRK,group1
0.271611825747159,0.7904101767768834,0.0937457866316119,7908,0.0,2024-01-04,signup,4,True,ICFDHASCRP,group1
0.49591413899932213,0.6724689190607265,0.14061867994741786,7918,0.0,2024-01-22,signup,7,True,AINJTQPECE,group1
0.15946066912107737,0.1764576500449735,0.6562205064212835,7921,1.0,2024-01-09,signup,1,False,CZVKDNIWVH,group1
0.6080652956254038,0.5082121283103835,0.3281102532106417,7927,1.0,2024-01-11,signup,6,False,TECWTASWDE,group1
0.832367608877567,0.5749626268425501,0.04687289331580596,7939,0.0,2024-01-24,signup,4,True,DZVLHHJWQQ,group1
0.271611825747159,0.5057838405175024,0.37498314652644765,7942,1.0,2024-01-10,signup,2,False,PZGPVPWINS,group1
0.7202164522514855,0.2587277585616765,0.37498314652644765,7945,0.0,2024-01-07,signup,9,False,HEMAPGTMFR,group1
0.271611825747159,0.8857130231862174,0.14061867994741786,7957,1.0,2024-01-25,signup,6,False,ZNDYTBXYHM,group1
0.49591413899932213,0.7893694736660941,0.14061867994741786,7959,0.0,2024-01-24,signup,7,False,MIPVLNBQFF,group1
0.832367608877567,0.6317798055143014,0.0,7967,0.0,2024-01-12,signup,2,False,QPYNGGAMBO,group1
0.047309512494995765,0.8108999844955465,0.0937457866316119,7975,0.0,2024-01-04,signup,3,False,AQKPRASGCO,group1
0.271611825747159,0.8139261219010168,0.4687289331580596,7977,1.0,2024-01-15,signup,7,False,HSNSZMYFJV,group1
0.49591413899932213,0.45709171247437874,0.7030933997370894,7982,1.0,2024-01-20,signup,6,True,IJDNSPVHJA,group1
0.3837629823732406,0.29901354939602776,0.04687289331580596,7993,0.0,2024-01-05,signup,5,False,CCCYRKIYLD,group1
0.15946066912107737,0.8028484205641355,0.0937457866316119,7995,0.0,2024-01-30,signup,9,True,KIOHQRDXUJ,group1
0.15946066912107737,0.5001960123538338,0.0,7996,0.0,2024-01-12,signup,5,False,XWSHYWZUFH,group1
0.832367608877567,0.3845081556540677,0.2812373598948357,7997,0.0,2024-01-14,signup,8,True,CDHJCEZUJM,group1
0.3837629823732406,0.5224934303479567,0.4687289331580596,7999,0.0,2024-01-11,signup,5,True,GPFMKTEPJQ,group1
0.49591413899932213,0.6111122618121878,0.4218560398422536,8011,0.0,2024-01-08,signup,6,True,EJFHZTKJPF,group1
0.3837629823732406,0.9657858134323507,0.23436446657902976,8014,1.0,2024-01-18,signup,6,True,FTWHSBFCLU,group1
0.49591413899932213,0.6008944471188196,0.0,8016,0.0,2024-01-06,signup,2,True,HHCOLRGNAV,group1
0.6080652956254038,0.42722069612768365,0.7499662930528953,8029,1.0,2024-01-26,signup,1,True,XJZQYINHYO,group1
0.3837629823732406,0.5286327682471512,0.0,8036,0.0,2024-01-20,signup,7,True,LVCNAHKKZY,group1
0.047309512494995765,0.7099978468034189,0.3281102532106417,8046,1.0,2024-01-20,signup,1,False,JZMFZTQIJI,group1
0.6080652956254038,0.9907427378686204,0.0,8051,0.0,2024-01-07,signup,9,True,HWQUBFATPM,group1
0.3837629823732406,0.932316574962774,0.7030933997370894,8057,0.0,2024-01-17,signup,5,True,FMYOJAFZUJ,group1
0.49591413899932213,0.7257506565701579,0.0,8058,0.0,2024-01-10,signup,9,False,FPNIDNNWYW,group1
0.832367608877567,0.5473251407460058,0.3281102532106417,8060,1.0,2024-01-28,signup,8,True,VMATALNNXF,group1
0.3837629823732406,0.7600013395718168,0.9374578663161192,8066,0.0,2024-01-26,signup,3,True,BNWPLDENZX,group1
0.271611825747159,0.30449011435804074,0.37498314652644765,8067,0.0,2024-01-07,signup,9,True,CHECIYKDNZ,group1
0.6080652956254038,0.10337982473456098,0.5624747197896716,8074,1.0,2024-01-21,signup,7,True,ZOTJPOBMFK,group1
0.832367608877567,0.4329967066254006,0.5156018264738655,8078,0.0,2024-01-04,signup,9,True,LZROQLITBB,group1
0.271611825747159,0.32600193443896686,0.18749157326322383,8081,0.0,2024-01-20,signup,2,False,BXXUIJYZOA,group1
0.15946066912107737,0.30791956675839627,0.23436446657902976,8084,1.0,2024-01-01,signup,6,True,UEEWQDOTXP,group1
0.49591413899932213,0.10026227049641401,0.5624747197896716,8087,1.0,2024-01-07,signup,5,True,HPNVUGXQYR,group1
0.271611825747159,0.784187942429103,0.5624747197896716,8095,1.0,2024-01-03,signup,7,True,SIDCGRUUZP,group1
0.49591413899932213,0.635648768832819,0.0937457866316119,8097,0.0,2024-01-06,signup,3,True,BEWTJMIMIQ,group1
0.3837629823732406,0.6082894268657588,0.0,8098,0.0,2024-01-15,signup,9,True,PFKDFMKSXF,group1
0.15946066912107737,0.42922578831635194,0.7499662930528953,8108,1.0,2024-01-24,signup,4,True,IGCRUVGOSP,group1
0.49591413899932213,0.2138179440564536,0.5156018264738655,8110,0.0,2024-01-13,signup,4,False,HPDNXLWPMH,group1
0.49591413899932213,0.2728806604914631,0.37498314652644765,8113,1.0,2024-01-07,signup,5,True,WZRKSZNUWI,group1
0.271611825747159,0.4888092944354572,1.0,8120,0.0,2024-01-16,signup,4,True,ARDJDQNFMO,group1
0.6080652956254038,0.7407264789416441,0.0937457866316119,8122,0.0,2024-01-14,signup,4,False,YOGFHRSYPD,group1
0.6080652956254038,0.681750040838224,0.0937457866316119,8135,0.0,2024-01-17,signup,5,True,TKPXOOQDYB,group1
0.49591413899932213,0.2410032555321724,1.0,8142,1.0,2024-01-18,signup,1,True,JHPZCPJEKQ,group1
0.7202164522514855,0.5003404165391601,0.14061867994741786,8143,0.0,2024-01-19,signup,5,True,PTWNAQUZNO,group1
0.6080652956254038,1.0000000000000004,0.4218560398422536,8147,1.0,2024-01-22,signup,9,False,DJEALFKUOZ,group1
0.3837629823732406,0.6983602666280455,0.4687289331580596,8151,1.0,2024-01-25,signup,8,True,QCWFDSZBVK,group1
0.3837629823732406,0.3112365232429237,0.0,8155,0.0,2024-01-30,signup,9,False,EUFYBAHQRB,group1
0.047309512494995765,0.6552533986216535,0.18749157326322383,8157,0.0,2024-01-30,signup,4,True,UKCNUIXOTJ,group1
0.7202164522514855,0.24133070770574427,0.04687289331580596,8161,0.0,2024-01-23,signup,2,False,JAPGALFVIA,group1
0.7202164522514855,0.624958582920097,0.23436446657902976,8162,0.0,2024-01-05,signup,3,True,OTUBZASTSJ,group1
0.3837629823732406,0.2324312169110132,0.04687289331580596,8180,0.0,2024-01-09,signup,5,True,ETLOZOCBFE,group1
0.271611825747159,0.10113181692674411,0.0937457866316119,8182,0.0,2024-01-30,signup,7,False,KAXDBJCSDA,group1
0.271611825747159,0.0,0.3281102532106417,8185,0.0,2024-01-02,signup,1,False,YSQVJAKBWS,group1
0.6080652956254038,0.11606924442979061,0.0937457866316119,8186,0.0,2024-01-03,signup,2,True,QNRFTRDCGA,group1
0.6080652956254038,0.08612282876576671,0.8437120796845072,8188,1.0,2024-01-11,signup,7,True,LEDVIIZSHG,group1
0.3837629823732406,0.5408890302057068,0.23436446657902976,8196,1.0,2024-01-18,signup,8,False,WIKKFUACND,group1
0.3837629823732406,0.6413279942280301,0.5624747197896716,8199,0.0,2024-01-08,signup,9,False,MEXAREOXRA,group1
0.49591413899932213,0.25168027549553873,0.04687289331580596,8208,0.0,2024-01-14,signup,3,False,EXSYJHERVO,group1
0.3837629823732406,0.3140211287815595,0.2812373598948357,8210,0.0,2024-01-06,signup,2,True,BUIGGUFKBN,group1
0.15946066912107737,0.9495903921609625,0.7499662930528953,8213,1.0,2024-01-25,signup,4,True,CNXVEQQZDT,group1
0.3837629823732406,0.3319982482761201,0.0,8231,0.0,2024-01-17,signup,3,False,CTNILAXOVM,group1
0.49591413899932213,0.4981233637909708,0.8437120796845072,8232,1.0,2024-01-01,signup,6,True,ULPKCVRDNL,group1
0.49591413899932213,0.785119332811365,1.0,8236,1.0,2024-01-04,signup,8,True,DUUZAZIEQS,group1
0.7202164522514855,0.6564853563228938,1.0,8237,1.0,2024-01-27,signup,6,True,CGZDTQFRZG,group1
0.271611825747159,0.09258922920712864,0.7030933997370894,8240,1.0,2024-01-06,signup,9,True,ATPZDOMIUK,group1
0.6080652956254038,0.5566861196098221,0.23436446657902976,8243,0.0,2024-01-21,signup,3,False,CYOEMXTHWP,group1
0.49591413899932213,0.2934712822385146,0.4687289331580596,8245,1.0,2024-01-28,signup,3,False,TISJOGISFJ,group1
0.3837629823732406,0.33299067832273943,0.23436446657902976,8248,1.0,2024-01-21,signup,6,True,CZNJHKWNSM,group1
0.15946066912107737,0.21393822663590223,0.9843307596319252,8259,1.0,2024-01-29,signup,4,False,LBFOJAUIRQ,group1
0.15946066912107737,0.4298497878590597,0.7499662930528953,8266,1.0,2024-01-31,signup,8,True,CZQFRJIYDU,group1
0.3837629823732406,0.43446007376618523,0.23436446657902976,8268,1.0,2024-01-22,signup,7,False,DDPTGQIQWT,group1
0.271611825747159,0.4848255481039172,0.6562205064212835,8274,1.0,2024-01-25,signup,4,True,URPPWOXMRQ,group1
0.49591413899932213,0.2953345709489348,0.2812373598948357,8284,1.0,2024-01-24,signup,5,True,VAEMAQTLXO,group1
0.6080652956254038,0.3128920422883432,1.0,8289,1.0,2024-01-04,signup,7,False,JZEXSJBXKR,group1
0.6080652956254038,0.46650078395087036,0.8437120796845072,8291,1.0,2024-01-06,signup,3,False,DBGGTLGAJH,group1
0.7202164522514855,0.22064864616418411,0.7030933997370894,8301,0.0,2024-01-25,signup,4,False,UYLYZIPJWQ,group1
0.832367608877567,1.0000000000000004,0.14061867994741786,8305,0.0,2024-01-23,signup,2,False,HBGYOUWFFS,group1
0.047309512494995765,0.49123650521888607,0.14061867994741786,8306,0.0,2024-01-19,signup,8,False,QXVAJGUUES,group1
0.271611825747159,0.757191356948963,0.04687289331580596,8311,0.0,2024-01-14,signup,6,False,XBQWBGSTFB,group1
0.49591413899932213,0.9205057119487376,0.7030933997370894,8313,1.0,2024-01-09,signup,9,False,KHKUDJQTGF,group1
0.271611825747159,0.6728441339479816,1.0,8317,1.0,2024-01-06,signup,3,False,LZCAIHHSLW,group1
0.271611825747159,0.6238222637935023,0.5624747197896716,8321,1.0,2024-01-12,signup,2,True,ENPJHYWNVV,group1
0.3837629823732406,0.6813734444304207,0.04687289331580596,8323,0.0,2024-01-02,signup,7,False,ASITRGWDPW,group1
0.3837629823732406,0.5246051779057983,0.4218560398422536,8333,0.0,2024-01-22,signup,3,True,RJFBLFKKBG,group1
0.3837629823732406,0.49779765290412303,0.5624747197896716,8334,1.0,2024-01-01,signup,2,True,YGCVQEXHQN,group1
0.9445187655036485,0.19087354630341036,0.6562205064212835,8341,1.0,2024-01-27,signup,7,True,JEBHPWJZKS,group1
0.3837629823732406,0.01697152611712527,0.0,8343,0.0,2024-01-23,signup,4,False,ZJZCQKSMYW,group1
0.6080652956254038,0.7532082944693155,0.4218560398422536,8346,1.0,2024-01-22,signup,8,True,JQGSAYRTLZ,group1
0.832367608877567,0.0,0.6562205064212835,8352,1.0,2024-01-22,signup,7,True,PFTGWPQGXP,group1
0.49591413899932213,0.2728735905306485,0.5624747197896716,8353,1.0,2024-01-12,signup,4,True,LXCVWXRWIZ,group1
0.3837629823732406,0.6684261178869413,0.4687289331580596,8357,1.0,2024-01-05,signup,8,False,IJRNBNTHVQ,group1
0.15946066912107737,0.3569349728239817,0.7030933997370894,8364,1.0,2024-01-15,signup,9,True,None,group1
0.3837629823732406,0.8473479905133452,0.14061867994741786,8387,0.0,2024-01-14,signup,6,False,MPUEQUTADQ,group1
0.047309512494995765,0.34940707845410834,0.0,8389,0.0,2024-01-11,signup,9,False,SQEHGFAJHW,group1
0.6080652956254038,0.2663112219908963,0.7968391863687013,8393,1.0,2024-01-02,signup,1,False,CMLEBNZBVN,group1
0.49591413899932213,0.22043606550298955,0.4687289331580596,8395,1.0,2024-01-10,signup,5,False,VRDMLMJLQY,group1
0.832367608877567,0.6294414109026087,0.14061867994741786,8398,1.0,2024-01-22,signup,5,False,YVEEUTXPTC,group1
0.15946066912107737,0.11118603299197227,0.2812373598948357,8401,1.0,2024-01-17,signup,2,False,DIOXHHUTJN,group1
0.9445187655036485,0.24880273233490025,0.5156018264738655,8403,1.0,2024-01-14,signup,6,True,FKNJVWPVEQ,group1
0.271611825747159,0.13605435243758102,0.4687289331580596,8408,1.0,2024-01-16,signup,6,True,HUIMLGLUBR,group1
0.271611825747159,0.26675707957645534,0.14061867994741786,8414,0.0,2024-01-02,signup,2,False,COMPDTKJOV,group1
0.3837629823732406,0.6722974656634326,0.5156018264738655,8416,1.0,2024-01-30,signup,6,True,CODRVMCHBD,group1
0.047309512494995765,0.44553410044938024,0.0,8423,0.0,2024-01-18,signup,8,True,ZAOUNXWMYT,group1
0.271611825747159,0.4858870851880779,0.6093476131054775,8426,0.0,2024-01-29,signup,7,True,FVOSXZAJXC,group1
0.49591413899932213,0.4872184871164702,0.7030933997370894,8438,1.0,2024-01-16,signup,4,True,FQNTVPECHA,group1
0.7202164522514855,0.49446165339444637,0.7499662930528953,8446,1.0,2024-01-22,signup,7,True,JRCSJQZRQJ,group1
0.7202164522514855,0.6441710848113997,0.0,8448,0.0,2024-01-25,signup,4,False,DWXIZCCODL,group1
0.6080652956254038,0.6042990468726388,0.18749157326322383,8451,0.0,2024-01-31,signup,9,True,POYAVSIHLY,group1
0.271611825747159,1.0000000000000004,0.7030933997370894,8452,1.0,2024-01-22,signup,9,True,AIBXDAMJDE,group1
0.271611825747159,0.6580531404586027,0.0937457866316119,8453,0.0,2024-01-01,signup,5,False,MAXOMNPSPY,group1
0.3837629823732406,0.5021378328073482,0.0937457866316119,8459,0.0,2024-01-09,signup,6,True,SQOKGFHUZW,group1
0.3837629823732406,0.33345456992097056,0.37498314652644765,8462,0.0,2024-01-01,signup,2,False,QWWCPEPEHR,group1
0.7202164522514855,0.2069129649794621,0.23436446657902976,8471,0.0,2024-01-02,signup,1,False,MPPOETBNWQ,group1
0.6080652956254038,0.22457748178929737,0.2812373598948357,8472,0.0,2024-01-16,signup,7,False,EWFLOYSRTB,group1
0.6080652956254038,0.287500725502988,0.8437120796845072,8474,1.0,2024-01-14,signup,5,False,LJERLXERYO,group1
0.271611825747159,0.61366575841706,0.6093476131054775,8484,1.0,2024-01-09,signup,4,True,HBNAXBXDFP,group1
0.3837629823732406,0.8320492582865655,0.4687289331580596,8490,1.0,2024-01-19,signup,1,True,YMSWEEJFRE,group1
0.271611825747159,0.39249694255798495,0.18749157326322383,8497,1.0,2024-01-23,signup,8,True,KRKJISITVQ,group1
0.271611825747159,0.594009373984921,0.0,8500,0.0,2024-01-29,signup,8,True,LCDPCGIMZS,group1
0.49591413899932213,0.5579957232360973,0.5156018264738655,8502,0.0,2024-01-31,signup,9,True,VTHEXUZWCX,group1
0.271611825747159,0.4103089655591856,0.0937457866316119,8506,0.0,2024-01-06,signup,3,False,YSTDQRMYHC,group1
0.6080652956254038,0.33819494647760395,0.0937457866316119,8521,0.0,2024-01-22,signup,2,True,TAYZJKDPWR,group1
0.832367608877567,0.338006992040659,0.6562205064212835,8524,1.0,2024-01-05,signup,9,True,KRAQGHYBIK,group1
0.832367608877567,0.899176320403813,1.0,8528,1.0,2024-01-13,signup,2,True,YZTGFFZRUA,group1
0.271611825747159,0.24867666818572243,0.23436446657902976,8538,0.0,2024-01-11,signup,3,False,OQYGZEWJBW,group1
0.6080652956254038,0.25656780892502473,0.5624747197896716,8543,1.0,2024-01-25,signup,2,False,BFZWCEHBEF,group1
0.271611825747159,0.431452194134494,0.14061867994741786,8547,0.0,2024-01-10,signup,9,False,VCBSIYWQGY,group1
0.3837629823732406,0.3535421413738593,0.7968391863687013,8550,1.0,2024-01-09,signup,5,True,MOMOKJHCOS,group1
0.49591413899932213,0.23458952885468864,0.0,8554,0.0,2024-01-06,signup,7,True,NZMSMRFOTQ,group1
0.271611825747159,0.6787112115040004,0.6562205064212835,8555,1.0,2024-01-06,signup,9,False,PJTPIFPPCY,group1
0.3837629823732406,0.2717918971478368,0.6093476131054775,8558,1.0,2024-01-27,signup,4,False,DVERMSJMZR,group1
0.7202164522514855,0.37908130542209717,0.4218560398422536,8563,1.0,2024-01-13,signup,1,True,LSUASLIFSQ,group1
0.49591413899932213,0.41067949920190516,0.3281102532106417,8566,1.0,2024-01-05,signup,7,True,TDEYMRGPQD,group1
0.832367608877567,0.48097731421846834,0.2812373598948357,8571,0.0,2024-01-19,signup,8,False,PFOJQREYIB,group1
0.832367608877567,0.0,0.04687289331580596,8573,0.0,2024-01-15,signup,6,False,BDXILDGXBW,group1
0.832367608877567,0.4979562527563224,0.14061867994741786,8577,0.0,2024-01-14,signup,6,True,HMMFWMRHSF,group1
0.9999999999999999,0.6436122977727221,0.2812373598948357,8579,0.0,2024-01-17,signup,7,False,FGOISQRGOA,group1
0.6080652956254038,0.24284445942006272,0.4218560398422536,8580,0.0,2024-01-22,signup,6,True,MYMLIMCPGJ,group1
0.3837629823732406,0.1211281987221069,0.2812373598948357,8581,1.0,2024-01-07,signup,4,True,LCYFFDBAQQ,group1
0.3837629823732406,0.3383297966297687,0.23436446657902976,8585,0.0,2024-01-28,signup,2,False,MSZPRLTPGO,group1
0.9999999999999999,0.638032261451202,0.6562205064212835,8587,1.0,2024-01-18,signup,3,True,GPANBPLGNY,group1
0.49591413899932213,0.32112408882834886,0.4687289331580596,8591,0.0,2024-01-18,signup,1,False,SGONDKEWWI,group1
0.3837629823732406,0.6529200852872461,0.7030933997370894,8598,1.0,2024-01-09,signup,1,True,FZETSGKFXI,group1
0.832367608877567,0.31836966059556193,0.6093476131054775,8606,1.0,2024-01-19,signup,3,False,MMHXSOMSNQ,group1
0.3837629823732406,0.6463861343671007,0.14061867994741786,8610,0.0,2024-01-14,signup,2,True,None,group1
0.3837629823732406,0.24361276626392092,0.5624747197896716,8611,1.0,2024-01-04,signup,9,False,LEMDSOVLTD,group1
0.49591413899932213,0.05737856788786688,0.0937457866316119,8618,0.0,2024-01-26,signup,7,False,NVPQVUGXVJ,group1
0.3837629823732406,0.7345203099414244,0.5624747197896716,8630,1.0,2024-01-17,signup,6,True,FYLBEHOKCE,group1
0.6080652956254038,0.917643050037531,0.7030933997370894,8635,1.0,2024-01-20,signup,8,False,WTKLYIATDL,group1
0.832367608877567,0.13436134969217273,0.7030933997370894,8639,1.0,2024-01-10,signup,2,False,GTIIGDRUOJ,group1
0.6080652956254038,0.5350700387585103,0.8905849730003133,8644,1.0,2024-01-10,signup,4,True,BZGZYJSVQL,group1
0.271611825747159,0.2132311750108964,0.04687289331580596,8646,0.0,2024-01-23,signup,3,True,GWDULVNRYC,group1
0.49591413899932213,0.21853395254133234,0.3281102532106417,8655,0.0,2024-01-17,signup,3,False,CDMRIQDYVL,group1
0.49591413899932213,0.31335618822192757,0.0,8657,0.0,2024-01-04,signup,2,True,MEABRPYKTZ,group1
0.7202164522514855,0.8522243929662565,0.2812373598948357,8662,0.0,2024-01-28,signup,3,False,SXLZOCVZRY,group1
0.7202164522514855,0.45790855138675335,0.23436446657902976,8668,0.0,2024-01-08,signup,9,False,GOUPNNKNGF,group1
0.3837629823732406,0.0,0.6562205064212835,8670,1.0,2024-01-06,signup,7,True,RFVVDJFEMQ,group1
0.49591413899932213,0.6479983673938832,0.8437120796845072,8677,1.0,2024-01-05,signup,7,True,MLVCYRNKIF,group1
0.9999999999999999,0.6054132199927649,0.5624747197896716,8678,1.0,2024-01-12,signup,5,True,IPPEBAYARQ,group1
0.6080652956254038,0.02093305459742556,0.14061867994741786,8680,0.0,2024-01-09,signup,4,False,LFYVOZBMAM,group1
0.6080652956254038,0.9560589289819945,0.18749157326322383,8681,1.0,2024-01-17,signup,7,False,QTXQHBWLMD,group1
0.832367608877567,0.45560232608163975,0.0,8684,0.0,2024-01-22,signup,9,False,JGHRPLVJHQ,group1
0.15946066912107737,0.40433829545599753,0.0,8687,0.0,2024-01-03,signup,7,False,RUVTQMCOOW,group1
0.7202164522514855,0.4645551763937874,0.14061867994741786,8694,1.0,2024-01-28,signup,8,False,KHNQOMUMWI,group1
0.6080652956254038,0.47349568303013667,0.23436446657902976,8698,0.0,2024-01-08,signup,2,True,CCFBJJPCJF,group1
0.271611825747159,0.22101658756277454,0.0937457866316119,8708,0.0,2024-01-04,signup,4,False,TMXFGDDXQM,group1
0.49591413899932213,0.6065750987375984,0.2812373598948357,8714,1.0,2024-01-11,signup,7,False,QMTCBELCXS,group1
0.3837629823732406,0.16924966426267973,0.5624747197896716,8715,1.0,2024-01-31,signup,3,True,ZLVKSPNPGD,group1
0.271611825747159,0.6639052198129423,0.5624747197896716,8724,1.0,2024-01-15,signup,7,True,HYPKHTLAFQ,group1
0.15946066912107737,0.8193393414063621,0.04687289331580596,8726,0.0,2024-01-09,signup,1,True,AYGRLHZREK,group1
0.15946066912107737,0.7573670334184355,0.14061867994741786,8728,0.0,2024-01-03,signup,4,False,PVSCWPPLKB,group1
0.7202164522514855,0.5705052066271388,0.3281102532106417,8731,1.0,2024-01-12,signup,4,False,YGYILEPHFK,group1
0.6080652956254038,0.354333991243442,0.14061867994741786,8737,0.0,2024-01-14,signup,9,False,MMKZHSKOQU,group1
0.49591413899932213,1.0000000000000004,0.0,8747,0.0,2024-01-30,signup,2,False,JXCRMBPJYQ,group1
0.6080652956254038,0.39184415109202453,0.14061867994741786,8757,0.0,2024-01-02,signup,9,False,EWGTKWVOIW,group1
0.271611825747159,0.5672598466336765,0.7499662930528953,8763,1.0,2024-01-01,signup,5,True,OCSFCGGKUI,group1
0.271611825747159,0.0,0.2812373598948357,8765,1.0,2024-01-27,signup,1,True,SHCDANVZGZ,group1
0.047309512494995765,0.46298631385055744,0.04687289331580596,8767,0.0,2024-01-10,signup,8,True,TVBPUHZKZA,group1
0.832367608877567,0.16217066090348142,0.23436446657902976,8768,0.0,2024-01-06,signup,6,True,RJHPJFJXRU,group1
0.49591413899932213,0.2186098233353686,0.04687289331580596,8771,0.0,2024-01-06,signup,6,True,SHXIPOAIOJ,group1
0.3837629823732406,0.7212192661173877,0.9374578663161192,8772,1.0,2024-01-05,signup,4,True,IUSHWAQWDD,group1
0.15946066912107737,0.4481175021262751,0.0937457866316119,8777,0.0,2024-01-31,signup,2,False,ROJVKPPACP,group1
0.49591413899932213,0.0,0.14061867994741786,8788,0.0,2024-01-23,signup,8,True,CJRQGWTDCS,group1
0.3837629823732406,0.2868112626105739,0.4218560398422536,8790,1.0,2024-01-16,signup,2,False,YRGXMGUXZI,group1
0.271611825747159,0.48921925662438914,0.04687289331580596,8799,0.0,2024-01-28,signup,6,False,NHGLLLQDFC,group1
0.271611825747159,0.8661275327934468,0.0937457866316119,8801,0.0,2024-01-26,signup,4,False,GJUUTJQKSV,group1
0.271611825747159,0.3278821935470222,0.5156018264738655,8807,1.0,2024-01-12,signup,3,False,YGCCOARDSL,group1
0.271611825747159,0.5899968135327862,0.04687289331580596,8809,0.0,2024-01-07,signup,2,True,YNHTKRKQXL,group1
0.3837629823732406,1.0000000000000004,0.6093476131054775,8812,1.0,2024-01-29,signup,5,True,SQKPERQWGO,group1
0.047309512494995765,0.7915964934823005,0.8437120796845072,8815,1.0,2024-01-03,signup,8,True,XUDWKHCOTH,group1
0.49591413899932213,0.4743865986567002,0.04687289331580596,8819,0.0,2024-01-02,signup,6,True,IGRCKRUDNP,group1
0.49591413899932213,0.8287426908975872,0.04687289331580596,8828,0.0,2024-01-15,signup,4,True,IHICWBXNCK,group1
0.6080652956254038,0.4365202477346064,0.3281102532106417,8829,0.0,2024-01-12,signup,5,True,MGAQGZIRTE,group1
0.271611825747159,0.2495190508368066,0.3281102532106417,8831,0.0,2024-01-31,signup,7,True,QHAWZVWIGZ,group1
0.6080652956254038,0.4318151237296486,0.2812373598948357,8832,1.0,2024-01-22,signup,3,True,WSJDBMRINA,group1
0.6080652956254038,0.7422221990639355,0.7030933997370894,8836,1.0,2024-01-11,signup,9,True,FNBWALYWEU,group1
0.15946066912107737,0.5415467654188775,1.0,8837,1.0,2024-01-08,signup,5,True,VQIEBSMYCF,group1
0.3837629823732406,0.7481000238269071,0.4218560398422536,8840,1.0,2024-01-17,signup,9,False,OPJTMIPJKU,group1
0.271611825747159,0.7565547320378139,0.6562205064212835,8843,1.0,2024-01-21,signup,4,False,ECCRYEQQHX,group1
0.0,0.11202992902401077,0.0937457866316119,8844,0.0,2024-01-28,signup,3,True,BCFMVSUKMG,group1
0.6080652956254038,0.8636878086459552,0.6093476131054775,8845,1.0,2024-01-13,signup,5,True,KDISVBCBNZ,group1
0.49591413899932213,0.3800352551596293,0.6093476131054775,8847,1.0,2024-01-29,signup,6,False,OIAIOQBUDR,group1
0.271611825747159,0.1531625242850807,0.18749157326322383,8853,1.0,2024-01-18,signup,7,False,MRZATVWSMW,group1
0.832367608877567,0.6365907054420168,0.0,8856,0.0,2024-01-22,signup,8,False,None,group1
0.047309512494995765,0.3897152729847586,0.37498314652644765,8862,1.0,2024-01-21,signup,4,True,YLGSEEROLP,group1
0.6080652956254038,0.46437613975264025,0.14061867994741786,8863,1.0,2024-01-24,signup,9,False,WXYQNTIPVR,group1
0.6080652956254038,0.5677022707710191,0.14061867994741786,8869,0.0,2024-01-27,signup,1,False,TMAVYVWSQQ,group1
0.9445187655036485,0.8328773850735209,0.7499662930528953,8880,1.0,2024-01-03,signup,3,False,REVEATQYWD,group1
0.6080652956254038,0.4281356154551723,0.14061867994741786,8884,1.0,2024-01-23,signup,2,True,WKTUEVGAZY,group1
0.271611825747159,0.7903161902518097,0.37498314652644765,8901,1.0,2024-01-02,signup,1,True,NAQGOKPOGO,group1
0.271611825747159,0.35298017390629477,0.7499662930528953,8905,1.0,2024-01-04,signup,3,True,TVICAKEHXP,group1
0.15946066912107737,0.2673260577077583,0.37498314652644765,8908,1.0,2024-01-23,signup,6,True,TBOXJQQNEA,group1
0.271611825747159,0.8901018803328067,0.6093476131054775,8912,1.0,2024-01-09,signup,2,False,JSQXSHMBHI,group1
0.6080652956254038,0.49335231911057953,0.2812373598948357,8914,0.0,2024-01-26,signup,7,True,OHWICWDNHK,group1
0.832367608877567,0.6873830927510176,0.23436446657902976,8916,1.0,2024-01-02,signup,4,False,MQNLHHLOPH,group1
0.7202164522514855,0.0,0.04687289331580596,8918,0.0,2024-01-02,signup,3,True,NXJWQCYQBJ,group1
0.7202164522514855,0.5796581329684694,0.7499662930528953,8919,1.0,2024-01-27,signup,4,False,UFRUGEIZMN,group1
0.9445187655036485,0.6969847063455004,0.7968391863687013,8920,1.0,2024-01-05,signup,1,False,KYMUFOPYVW,group1
0.6080652956254038,0.41315914568033785,0.5624747197896716,8922,1.0,2024-01-22,signup,1,False,DFTXRDDCHH,group1
0.3837629823732406,0.7224788702712783,0.7968391863687013,8926,1.0,2024-01-23,signup,7,True,CMRDMTZINL,group1
0.7202164522514855,0.22545656654685864,0.04687289331580596,8928,0.0,2024-01-10,signup,7,True,ANBQIPAHZW,group1
0.832367608877567,1.0000000000000004,0.23436446657902976,8932,0.0,2024-01-23,signup,5,False,EXLKCDJNYK,group1
0.9445187655036485,0.7527236878094969,0.5624747197896716,8933,1.0,2024-01-16,signup,3,False,KRDMVIPTNM,group1
0.6080652956254038,0.7518524495080916,0.6093476131054775,8937,1.0,2024-01-29,signup,9,False,EZDRRPTHUS,group1
0.3837629823732406,0.46376328856558846,0.0,8939,0.0,2024-01-23,signup,9,True,AKIQWCJTOO,group1
0.6080652956254038,0.14991268929237211,0.6093476131054775,8940,0.0,2024-01-15,signup,1,False,AYUDXPKKST,group1
0.7202164522514855,0.6850137770798899,0.8437120796845072,8942,1.0,2024-01-07,signup,4,True,RUKGXYNKIG,group1
0.9445187655036485,0.7656756347245919,0.5624747197896716,8943,1.0,2024-01-04,signup,6,True,CBFBCEAFOG,group1
0.9445187655036485,0.43014614826870723,0.0,8944,0.0,2024-01-21,signup,3,True,OHUQMUPWNC,group1
0.3837629823732406,0.6200289708577098,0.9374578663161192,8947,1.0,2024-01-12,signup,9,False,FMGAEJTFGI,group1
0.49591413899932213,0.31387541509670225,0.0,8954,0.0,2024-01-07,signup,2,True,LCWXVYNKYI,group1
0.6080652956254038,0.3840502550804894,0.14061867994741786,8955,0.0,2024-01-06,signup,6,True,KUZEHAUOTH,group1
0.6080652956254038,0.3376657566225032,0.37498314652644765,8956,1.0,2024-01-14,signup,1,False,ZWCADXOTGL,group1
0.3837629823732406,0.673199492445562,1.0,8957,1.0,2024-01-23,signup,4,True,TXNJZYXHEV,group1
0.49591413899932213,0.5962885623045358,1.0,8958,1.0,2024-01-27,signup,6,False,QXTBAYGWUO,group1
0.6080652956254038,0.16317583313133577,0.2812373598948357,8961,1.0,2024-01-04,signup,1,False,IVKHEBDYIZ,group1
0.3837629823732406,0.554456855550356,0.2812373598948357,8966,1.0,2024-01-13,signup,1,False,QAMZABVICD,group1
0.7202164522514855,0.5121542102214787,0.8905849730003133,8967,1.0,2024-01-10,signup,6,True,DLOHSRXRMY,group1
0.6080652956254038,0.7565624070880599,0.7968391863687013,8968,1.0,2024-01-23,signup,9,True,CGVNDCEJOA,group1
0.49591413899932213,0.5887045850497667,0.04687289331580596,8974,0.0,2024-01-22,signup,1,False,RGNBOYKHPC,group1
0.49591413899932213,0.9099914797081459,0.4687289331580596,8975,1.0,2024-01-12,signup,9,False,DSUYFXREVY,group1
0.271611825747159,0.8695301497099219,0.0,8976,0.0,2024-01-31,signup,6,True,GMZNXQFZMZ,group1
0.271611825747159,0.33382769477472873,0.3281102532106417,8978,1.0,2024-01-19,signup,9,True,REXPZLADOG,group1
0.3837629823732406,0.6676596457382242,0.6562205064212835,8982,1.0,2024-01-02,signup,6,True,CDNSRERPLZ,group1
0.15946066912107737,0.8582215013220065,0.3281102532106417,8983,1.0,2024-01-24,signup,7,True,FAFXZEYHBN,group1
0.6080652956254038,0.14412748495544658,0.04687289331580596,8993,0.0,2024-01-19,signup,5,False,DPMYZYLIZA,group1
0.49591413899932213,0.8369494628617593,0.5156018264738655,9003,0.0,2024-01-25,signup,6,True,VXZAJDYYLZ,group1
0.9445187655036485,0.5216706254934769,0.0,9005,0.0,2024-01-14,signup,7,True,OGPSOWPOOR,group1
0.832367608877567,0.5792044159725602,1.0,9009,1.0,2024-01-26,signup,7,False,GKRZRAHZRE,group1
0.3837629823732406,0.3783390543641616,0.0,9015,0.0,2024-01-17,signup,2,False,FEGHLKNARP,group1
0.9999999999999999,0.954702847868107,0.4218560398422536,9017,1.0,2024-01-07,signup,4,False,BOQYPHGPIS,group1
0.6080652956254038,0.17785093343180947,0.4218560398422536,9018,0.0,2024-01-01,signup,8,False,HIUCOLIGHC,group1
0.271611825747159,0.49787006014697655,0.6093476131054775,9019,1.0,2024-01-03,signup,5,False,CIOZZKWTAZ,group1
0.271611825747159,0.5311389167809799,0.04687289331580596,9027,0.0,2024-01-16,signup,5,True,QSKFVCPSTJ,group1
0.3837629823732406,0.6698921039907373,0.0,9030,0.0,2024-01-23,signup,8,False,ZGTTOVGGVU,group1
0.3837629823732406,0.9166305245837743,0.04687289331580596,9036,0.0,2024-01-11,signup,7,True,CFYAKRQGVK,group1
0.3837629823732406,0.7023382929939572,0.0,9039,0.0,2024-01-01,signup,1,False,BTUFOWBOYX,group1
0.3837629823732406,0.47968611921007964,0.0,9045,0.0,2024-01-04,signup,2,True,OMRDKMWRHG,group1
0.3837629823732406,1.0000000000000004,1.0,9051,1.0,2024-01-10,signup,1,True,ITBRPMVHZU,group1
0.6080652956254038,0.41287566480996807,0.6562205064212835,9052,0.0,2024-01-20,signup,8,True,QFJPNVFFGP,group1
0.9445187655036485,0.3700095668825272,0.2812373598948357,9059,0.0,2024-01-07,signup,7,True,FFJCRPIHDR,group1
0.7202164522514855,0.3969743869327558,0.0,9063,0.0,2024-01-30,signup,1,True,RKGNYCJQCP,group1
0.3837629823732406,0.12140184540249566,0.2812373598948357,9065,0.0,2024-01-15,signup,1,False,MWMUDZGYZZ,group1
0.15946066912107737,0.5277408876140024,0.0,9066,0.0,2024-01-16,signup,6,False,FLFUBWUXIG,group1
0.3837629823732406,0.646190083060286,0.5624747197896716,9075,1.0,2024-01-22,signup,7,False,TSUUHIBPBM,group1
0.49591413899932213,0.816885564151697,0.6093476131054775,9076,1.0,2024-01-17,signup,5,False,OZEGOZOKOR,group1
0.832367608877567,0.41330964507198686,0.9374578663161192,9077,1.0,2024-01-13,signup,9,True,HHVDNJFZQU,group1
0.3837629823732406,0.8064065043948272,1.0,9078,1.0,2024-01-02,signup,5,True,VDWFQGALHA,group1
0.49591413899932213,0.6046005905188809,0.14061867994741786,9081,0.0,2024-01-22,signup,5,True,LIXHINLOTY,group1
0.49591413899932213,0.4317677414099066,0.4687289331580596,9083,1.0,2024-01-08,signup,5,True,NWGPYTLLMW,group1
0.49591413899932213,0.9166612265293366,0.23436446657902976,9097,0.0,2024-01-25,signup,8,True,PCJQXECGZI,group1
0.49591413899932213,0.15533912764951197,0.6562205064212835,9106,0.0,2024-01-27,signup,6,False,HITAYUTMFO,group1
0.271611825747159,0.5235302234038088,0.7968391863687013,9107,1.0,2024-01-08,signup,3,False,TNMEKAVGLW,group1
0.9999999999999999,0.7213213770452813,0.3281102532106417,9109,1.0,2024-01-11,signup,9,True,ODXNTISXSX,group1
0.7202164522514855,0.5311339922401475,0.6562205064212835,9119,1.0,2024-01-21,signup,2,True,LNTFMHXDXM,group1
0.6080652956254038,0.6680142914965277,0.4218560398422536,9121,0.0,2024-01-04,signup,8,False,CYPDWXUHHG,group1
0.271611825747159,0.46753954267798603,1.0,9122,1.0,2024-01-19,signup,2,False,JNELELVHXF,group1
0.832367608877567,0.43847272186371544,0.0,9124,0.0,2024-01-01,signup,8,True,MPOMJZIBWT,group1
0.3837629823732406,0.39394786841394414,0.04687289331580596,9126,0.0,2024-01-22,signup,7,True,PRNLQMJCBZ,group1
0.6080652956254038,0.7162377404592375,0.2812373598948357,9127,1.0,2024-01-14,signup,9,True,LYAECLTHHT,group1
0.3837629823732406,0.6183201780072123,0.4218560398422536,9135,1.0,2024-01-14,signup,2,False,LRIXNUKRNE,group1
0.6080652956254038,0.35380004156669465,0.04687289331580596,9141,0.0,2024-01-29,signup,9,True,DLIBPQHLYE,group1
0.271611825747159,0.48732310111042976,0.14061867994741786,9147,0.0,2024-01-07,signup,8,True,OOVBUEUUJG,group1
0.6080652956254038,0.7356571851968323,0.14061867994741786,9153,0.0,2024-01-30,signup,2,False,ILTFLEWDMN,group1
0.3837629823732406,0.5280024917653292,0.4218560398422536,9157,1.0,2024-01-10,signup,2,True,BRZUKIQSDO,group1
0.271611825747159,0.9333620323297915,0.0,9159,0.0,2024-01-25,signup,4,True,UJHPPHYJPV,group1
0.9445187655036485,0.22479024510052215,0.6093476131054775,9161,1.0,2024-01-12,signup,8,False,IGXVLHHNQS,group1
0.49591413899932213,0.5981600587596039,0.5624747197896716,9163,0.0,2024-01-25,signup,9,False,FJDZWJYXSU,group1
0.49591413899932213,0.7618087697653664,0.6093476131054775,9165,1.0,2024-01-14,signup,6,False,DVRQFSBYLU,group1
0.15946066912107737,0.7883317075451441,0.3281102532106417,9174,0.0,2024-01-30,signup,7,False,ZBJTYBIGGI,group1
0.832367608877567,0.8067881873173217,0.2812373598948357,9176,0.0,2024-01-03,signup,6,True,JXODHIHFVI,group1
0.047309512494995765,0.49086516781125855,0.0,9180,0.0,2024-01-12,signup,7,True,YXEFHFVNFD,group1
0.6080652956254038,0.5309050816777408,0.5624747197896716,9183,1.0,2024-01-29,signup,9,False,CDVGLDDPLR,group1
0.832367608877567,0.6974469206027685,0.0937457866316119,9191,0.0,2024-01-09,signup,9,True,IPVTOHSOWN,group1
0.6080652956254038,0.8399636779637838,0.8905849730003133,9192,1.0,2024-01-10,signup,5,True,TDPRQIMSGW,group1
0.9999999999999999,0.6528926877859784,0.5624747197896716,9193,1.0,2024-01-29,signup,3,False,PAYWHENQCX,group1
0.832367608877567,0.4510416623650433,0.6093476131054775,9206,1.0,2024-01-13,signup,6,True,AAJURHRBIM,group1
0.271611825747159,0.5263508835917703,0.04687289331580596,9215,0.0,2024-01-18,signup,2,True,IGMFOSYPKI,group1
0.271611825747159,0.5184358027882641,0.7968391863687013,9216,1.0,2024-01-18,signup,4,False,KOCOJBPDJF,group1
0.3837629823732406,0.7949836373470087,0.23436446657902976,9221,1.0,2024-01-09,signup,4,False,IQPJONSAIX,group1
0.49591413899932213,0.5290167804835177,0.04687289331580596,9231,0.0,2024-01-13,signup,9,True,BKGMCQZUFK,group1
0.3837629823732406,0.7637660701348099,0.5156018264738655,9234,1.0,2024-01-11,signup,7,True,PVQFWXYLGH,group1
0.271611825747159,0.5418721429019877,0.23436446657902976,9240,0.0,2024-01-03,signup,6,True,UXMMWSCPIB,group1
0.271611825747159,0.6631342869361956,0.0937457866316119,9248,0.0,2024-01-20,signup,5,False,WRQNMUXJJP,group1
0.7202164522514855,0.4632912414661927,0.18749157326322383,9250,0.0,2024-01-19,signup,4,False,EJSNQNJKCD,group1
0.832367608877567,0.8636206197433305,0.6093476131054775,9254,1.0,2024-01-11,signup,2,True,BAIDUPSSXP,group1
0.832367608877567,0.4925071006485142,0.3281102532106417,9255,0.0,2024-01-09,signup,4,False,FCTNTNZZBJ,group1
0.3837629823732406,0.6651462623407305,0.14061867994741786,9261,1.0,2024-01-31,signup,2,False,XNXMQBHBJP,group1
0.9999999999999999,0.22804039963472844,0.3281102532106417,9262,1.0,2024-01-26,signup,7,False,DZSDXAFPQO,group1
0.49591413899932213,0.0,0.23436446657902976,9263,1.0,2024-01-31,signup,2,True,QFNVLENFVM,group1
0.15946066912107737,0.7225832703907829,0.3281102532106417,9264,1.0,2024-01-31,signup,7,True,KDZGHMEJJF,group1
0.9999999999999999,0.23924726449807965,1.0,9274,1.0,2024-01-20,signup,7,True,SCIPTBCGIO,group1
0.49591413899932213,0.7190073651665991,0.0,9278,0.0,2024-01-19,signup,4,True,QNLNJTCOHU,group1
0.49591413899932213,0.3789493882556485,0.7968391863687013,9280,0.0,2024-01-07,signup,4,True,IZBIFUHDBB,group1
0.49591413899932213,0.6598597037725011,0.14061867994741786,9283,0.0,2024-01-04,signup,4,True,SLPZBURUFG,group1
0.3837629823732406,0.6628971001802499,0.37498314652644765,9288,0.0,2024-01-05,signup,7,False,JOQCUDQYRB,group1
0.0,0.7540706134880315,0.23436446657902976,9292,1.0,2024-01-07,signup,8,True,HVVJRSOYEW,group1
0.6080652956254038,0.28011773874489876,0.4218560398422536,9293,1.0,2024-01-25,signup,7,False,EKJALPEYFL,group1
0.271611825747159,0.45557969190508096,0.4687289331580596,9297,1.0,2024-01-01,signup,4,True,FBHBREWTGP,group1
0.6080652956254038,0.23352747898463866,0.0,9300,0.0,2024-01-22,signup,7,False,LJODVIOVVO,group1
0.6080652956254038,0.4418189715336891,0.6093476131054775,9303,1.0,2024-01-29,signup,6,False,OSAYEDCKMB,group1
0.49591413899932213,0.8819215450253712,0.04687289331580596,9313,0.0,2024-01-06,signup,8,False,GNDZVVGMOJ,group1
0.3837629823732406,0.35786742820807316,0.6093476131054775,9314,1.0,2024-01-16,signup,8,True,UCJCJMLTPM,group1
0.6080652956254038,0.20915163701200878,0.37498314652644765,9319,1.0,2024-01-03,signup,1,True,FUZZYFJQPG,group1
0.3837629823732406,0.6106028566803854,0.7499662930528953,9321,1.0,2024-01-21,signup,8,True,SQWEFYXHWS,group1
0.271611825747159,0.017523689686676835,0.14061867994741786,9324,0.0,2024-01-06,signup,4,True,JUHFDRFWMA,group1
0.271611825747159,0.6430897853744448,0.5624747197896716,9330,1.0,2024-01-15,signup,5,False,WJGEPPPWKP,group1
0.15946066912107737,0.6340268306412833,0.04687289331580596,9332,0.0,2024-01-02,signup,9,True,HBXNNRNTBN,group1
0.7202164522514855,0.10814361511779058,1.0,9333,1.0,2024-01-08,signup,6,False,QWCDIYEUCR,group1
0.9445187655036485,0.9536780667708751,0.4687289331580596,9348,1.0,2024-01-20,signup,1,True,None,group1
0.6080652956254038,0.34205901283983486,0.0937457866316119,9357,0.0,2024-01-31,signup,4,True,PKWUMQIYUF,group1
0.6080652956254038,0.40973358337098276,0.7968391863687013,9358,1.0,2024-01-02,signup,5,False,XTFSJKPKHL,group1
0.7202164522514855,0.6358958844840803,0.3281102532106417,9372,0.0,2024-01-06,signup,7,False,IINVAXVSJQ,group1
0.832367608877567,0.8382375025376314,0.14061867994741786,9374,0.0,2024-01-16,signup,6,True,KPZGQBEANA,group1
0.9445187655036485,0.7777510624974227,0.14061867994741786,9379,0.0,2024-01-29,signup,6,True,PTULNHQEDV,group1
0.49591413899932213,0.1299890094324163,0.37498314652644765,9381,0.0,2024-01-18,signup,5,False,DYSUZSFLAP,group1
0.832367608877567,0.7437492627126465,0.6093476131054775,9382,1.0,2024-01-25,signup,4,False,QWGJAUIAND,group1
0.3837629823732406,0.6303217175046396,0.0937457866316119,9383,0.0,2024-01-06,signup,7,False,XDPBOILMLF,group1
0.271611825747159,0.5929431060249297,0.8905849730003133,9384,1.0,2024-01-02,signup,9,True,QUFTFCISGA,group1
0.6080652956254038,0.6368106956563846,0.04687289331580596,9388,0.0,2024-01-20,signup,1,True,INBPCXTHDB,group1
0.271611825747159,0.7001509143799152,0.4218560398422536,9397,0.0,2024-01-25,signup,5,False,RMOOYAAXLW,group1
0.15946066912107737,0.0854382608304678,0.0,9405,0.0,2024-01-17,signup,6,False,YNTYNXRSVT,group1
0.15946066912107737,0.6215686127760316,0.5156018264738655,9411,1.0,2024-01-31,signup,5,True,QSGYKNWJSA,group1
0.49591413899932213,0.15010405479661681,0.18749157326322383,9414,0.0,2024-01-06,signup,6,False,CFBQCXWTIT,group1
0.7202164522514855,0.790780464798134,0.2812373598948357,9415,0.0,2024-01-14,signup,5,True,HOKVCXTZAG,group1
0.7202164522514855,0.8633965180884831,0.5156018264738655,9422,1.0,2024-01-18,signup,7,False,IHKKEGWJFN,group1
0.7202164522514855,0.5417093621228384,0.14061867994741786,9431,0.0,2024-01-22,signup,2,False,DLDWGVGYYJ,group1
0.832367608877567,0.47764423065241646,0.0,9433,0.0,2024-01-01,signup,7,True,BQJQQSKNSJ,group1
0.15946066912107737,0.5044101509515975,0.14061867994741786,9435,0.0,2024-01-05,signup,6,True,NGHFHYJCYU,group1
0.15946066912107737,0.6438192009431316,0.7499662930528953,9437,0.0,2024-01-01,signup,8,True,WUHVBHVTYP,group1
0.7202164522514855,0.1546247753047174,0.14061867994741786,9438,0.0,2024-01-04,signup,7,True,UHUYNDGDLY,group1
0.271611825747159,0.388977317417718,0.23436446657902976,9456,0.0,2024-01-30,signup,1,False,WLJDVOFXNJ,group1
0.271611825747159,0.3490456913406246,0.04687289331580596,9461,0.0,2024-01-28,signup,8,False,PQPMXUVPDO,group1
0.9445187655036485,0.3860859710741118,0.8437120796845072,9471,1.0,2024-01-03,signup,9,True,EBJVCQAMWG,group1
0.832367608877567,0.5944317082023725,0.2812373598948357,9472,1.0,2024-01-10,signup,9,True,GCIIZJBEAJ,group1
0.7202164522514855,0.7030447237191759,0.18749157326322383,9479,0.0,2024-01-05,signup,9,False,KVIRGPJKCP,group1
0.271611825747159,0.701569304740739,0.23436446657902976,9481,0.0,2024-01-08,signup,7,False,HSJNPLNMJE,group1
0.271611825747159,0.601806869984614,0.3281102532106417,9484,1.0,2024-01-17,signup,2,True,JZCKWUVUMR,group1
0.7202164522514855,0.8980143666069873,0.0937457866316119,9486,0.0,2024-01-01,signup,2,False,GVEONZLTHP,group1
0.6080652956254038,0.6904308922536879,0.5156018264738655,9513,1.0,2024-01-05,signup,2,True,CMVMLBXEEP,group1
0.7202164522514855,0.48851325598422113,0.0,9515,0.0,2024-01-03,signup,1,True,AMRPNFCPFD,group1
0.3837629823732406,0.4710291583515076,0.3281102532106417,9517,1.0,2024-01-02,signup,5,True,QPGOFHSPFA,group1
0.3837629823732406,0.6787487343669776,0.14061867994741786,9520,0.0,2024-01-26,signup,6,False,TSAJSOJWXU,group1
0.271611825747159,0.5887736462118989,0.3281102532106417,9521,1.0,2024-01-22,signup,9,True,RUVBKQFKLV,group1
0.6080652956254038,0.9978311260772212,0.18749157326322383,9525,0.0,2024-01-22,signup,1,True,PSISUUNHNO,group1
0.6080652956254038,0.7285027408536022,0.2812373598948357,9527,0.0,2024-01-11,signup,1,True,BOUMAKKJER,group1
0.3837629823732406,0.44912428926161096,0.3281102532106417,9529,1.0,2024-01-03,signup,8,True,ROOLKIGWKR,group1
0.3837629823732406,0.435952881284273,0.7030933997370894,9531,1.0,2024-01-08,signup,3,True,OJNTIDFSUP,group1
0.271611825747159,0.8103074231162668,0.04687289331580596,9532,0.0,2024-01-26,signup,1,False,JIEHMTXUCX,group1
0.15946066912107737,0.5179665730861092,0.7499662930528953,9537,1.0,2024-01-15,signup,3,False,GEPNYAAZSR,group1
0.49591413899932213,0.5671511603455657,0.37498314652644765,9540,0.0,2024-01-28,signup,8,False,CMDLWSPMOC,group1
0.9999999999999999,0.14138372474334648,0.0937457866316119,9543,0.0,2024-01-18,signup,4,True,VDDDXLVYGW,group1
0.832367608877567,0.33268311400914774,0.0,9545,0.0,2024-01-29,signup,3,False,ZZDUIDJXXS,group1
0.832367608877567,0.41832890178217985,0.04687289331580596,9550,0.0,2024-01-17,signup,7,False,IOATNFQJIR,group1
0.6080652956254038,0.4333357799687678,0.6562205064212835,9558,1.0,2024-01-03,signup,1,False,UDAZKCAPTA,group1
0.3837629823732406,0.6272885495405074,0.14061867994741786,9580,0.0,2024-01-12,signup,4,True,XDXMSTDEKY,group1
0.271611825747159,0.6981337826847689,0.5156018264738655,9583,0.0,2024-01-20,signup,5,False,QGMJOTIUVD,group1
0.271611825747159,0.7131840098070055,0.0937457866316119,9586,0.0,2024-01-22,signup,4,False,NTKEJECHUP,group1
0.3837629823732406,0.8885118418527296,0.4687289331580596,9589,1.0,2024-01-20,signup,6,True,HCCUVOFNFM,group1
0.9445187655036485,0.3724503004872708,0.4218560398422536,9591,0.0,2024-01-07,signup,4,True,AGKFSPREAL,group1
0.271611825747159,0.6371403267964042,0.0,9597,0.0,2024-01-14,signup,3,True,CDKVWATLEX,group1
0.832367608877567,1.0000000000000004,0.18749157326322383,9603,0.0,2024-01-20,signup,5,False,AVWWOBYOXR,group1
0.7202164522514855,1.0000000000000004,0.5156018264738655,9609,1.0,2024-01-23,signup,8,True,ABDZNSNDWE,group1
0.9445187655036485,0.58132152238964,1.0,9616,1.0,2024-01-13,signup,1,True,CDAUIRILEZ,group1
0.6080652956254038,0.6612485568713251,0.6093476131054775,9617,1.0,2024-01-17,signup,8,False,OIZCSAWGUC,group1
0.271611825747159,0.43619171712134674,0.04687289331580596,9619,0.0,2024-01-15,signup,1,False,MVEQFTZWIR,group1
0.3837629823732406,0.4743369756333009,0.18749157326322383,9620,0.0,2024-01-26,signup,2,True,EGTJJDKHGU,group1
0.6080652956254038,0.513660864836412,0.23436446657902976,9621,0.0,2024-01-12,signup,5,False,SXQIAHQLHL,group1
0.7202164522514855,0.621492885833093,0.8437120796845072,9623,1.0,2024-01-10,signup,1,False,VPPNYZFRHL,group1
0.6080652956254038,0.7758704925718103,0.18749157326322383,9625,0.0,2024-01-30,signup,4,True,UWRIJQLQJL,group1
0.6080652956254038,0.6304591257152374,0.3281102532106417,9628,0.0,2024-01-22,signup,2,True,CUXXJVSUNY,group1
0.3837629823732406,0.19491073909067325,0.3281102532106417,9630,0.0,2024-01-11,signup,5,False,DWDLBQRRMK,group1
0.832367608877567,0.3916972468645148,0.2812373598948357,9637,0.0,2024-01-12,signup,4,True,FYOETEMEWB,group1
0.047309512494995765,0.5215403540168375,0.0937457866316119,9638,0.0,2024-01-12,signup,6,True,EGQTGSRKXQ,group1
0.49591413899932213,0.37243789551910034,0.37498314652644765,9647,1.0,2024-01-12,signup,8,True,XQYEGAKKGN,group1
0.3837629823732406,0.5473295780069565,0.3281102532106417,9651,0.0,2024-01-03,signup,9,True,GTAQIBEWZJ,group1
0.832367608877567,0.011515086147415143,0.0937457866316119,9652,0.0,2024-01-29,signup,6,False,NQLRKPFGAQ,group1
0.271611825747159,0.4082580601300587,1.0,9653,0.0,2024-01-10,signup,7,True,TNRLONNUAA,group1
0.6080652956254038,0.6616597856729975,0.2812373598948357,9654,1.0,2024-01-29,signup,5,True,IHRULTCIEG,group1
0.9999999999999999,0.5052504844756682,0.7968391863687013,9669,1.0,2024-01-08,signup,5,True,UENATBULHC,group1
0.7202164522514855,0.6893837384726362,0.3281102532106417,9672,0.0,2024-01-24,signup,8,False,KGVYAKTWQA,group1
0.3837629823732406,0.32986426609771113,0.7030933997370894,9675,1.0,2024-01-20,signup,4,False,IIATISIBRX,group1
0.3837629823732406,0.4109297674806851,0.0937457866316119,9679,0.0,2024-01-16,signup,7,True,IJGSYPFTRI,group1
0.3837629823732406,0.17679399634944248,0.5624747197896716,9681,0.0,2024-01-12,signup,8,False,TWZUFADPZT,group1
0.3837629823732406,0.0,0.0,9682,0.0,2024-01-31,signup,5,True,HNFWONATIJ,group1
0.271611825747159,0.2940165092111262,0.0,9687,0.0,2024-01-01,signup,3,True,VPXPMLRPVQ,group1
0.15946066912107737,0.1832267649639281,0.4687289331580596,9698,1.0,2024-01-31,signup,6,True,WMJRZJNUMI,group1
0.49591413899932213,0.0765955444790496,0.18749157326322383,9703,1.0,2024-01-30,signup,9,True,NTWEWJLCIP,group1
0.49591413899932213,0.518011260378783,0.18749157326322383,9707,0.0,2024-01-09,signup,7,True,UJNZOXTAUV,group1
0.3837629823732406,0.7513633996478171,0.14061867994741786,9708,0.0,2024-01-03,signup,8,False,XBYXPBSOCE,group1
0.3837629823732406,0.8469454803825012,0.8905849730003133,9709,1.0,2024-01-01,signup,7,False,LHDKXXHDHG,group1
0.7202164522514855,0.43390143717139074,0.04687289331580596,9716,0.0,2024-01-26,signup,2,True,WXQTBSKVVG,group1
0.047309512494995765,0.16618233790809178,0.2812373598948357,9717,0.0,2024-01-05,signup,7,True,OLLIKSGCPH,group1
0.271611825747159,0.11419249002608911,0.04687289331580596,9718,0.0,2024-01-20,signup,2,False,GGFXXCBYCI,group1
0.49591413899932213,0.41232863957273036,0.5624747197896716,9722,1.0,2024-01-13,signup,1,True,PMJSQZVABJ,group1
0.7202164522514855,0.7065464366274083,1.0,9732,0.0,2024-01-21,signup,4,False,QYBFQOHBPL,group1
0.7202164522514855,0.713223637250247,0.5156018264738655,9736,1.0,2024-01-10,signup,7,True,LLKIMZRFAG,group1
0.832367608877567,0.6134224791332286,0.0,9738,0.0,2024-01-27,signup,7,False,JHOUMWMRXA,group1
0.3837629823732406,0.7920887913093724,0.3281102532106417,9739,1.0,2024-01-03,signup,7,False,XBOKHZRNIX,group1
0.6080652956254038,0.06709713005286488,0.7030933997370894,9743,1.0,2024-01-29,signup,1,True,YKNBVXZXAP,group1
0.49591413899932213,0.4720484070544688,0.5156018264738655,9744,0.0,2024-01-17,signup,6,True,PBRXWXRJXR,group1
0.7202164522514855,0.7090915702855471,0.7030933997370894,9745,1.0,2024-01-04,signup,4,True,MPHBRYQDLY,group1
0.271611825747159,0.2167502955068712,0.14061867994741786,9748,0.0,2024-01-10,signup,6,False,CXAGGSHZNB,group1
0.3837629823732406,0.5798673262627938,0.0,9750,0.0,2024-01-28,signup,6,False,DGSQSVPPBU,group1
0.9445187655036485,1.0000000000000004,0.18749157326322383,9752,0.0,2024-01-01,signup,9,False,IJXZIYUQDN,group1
0.15946066912107737,0.16834340346924925,0.0937457866316119,9754,0.0,2024-01-26,signup,3,True,YRPPHFWDQJ,group1
0.6080652956254038,0.5390892325643679,0.9843307596319252,9759,1.0,2024-01-18,signup,9,True,PGOLUBVYRV,group1
0.7202164522514855,0.36092770473782343,0.23436446657902976,9769,0.0,2024-01-28,signup,1,True,BLEBOOJNQU,group1
0.15946066912107737,0.5350162775975411,0.18749157326322383,9770,1.0,2024-01-28,signup,9,True,VKYGHKEKLI,group1
0.6080652956254038,0.4478791122064103,0.0937457866316119,9771,0.0,2024-01-23,signup,2,False,PNFUNDARCI,group1
0.271611825747159,0.622527646996331,0.0,9772,0.0,2024-01-22,signup,3,False,GDQZLIOCWR,group1
0.271611825747159,0.5622961609349271,0.7030933997370894,9774,1.0,2024-01-06,signup,5,True,FCYUXYIGGD,group1
0.6080652956254038,0.7894702050795863,0.5156018264738655,9779,1.0,2024-01-21,signup,9,False,DKBYBGODOX,group1
0.7202164522514855,0.3140780703485966,0.2812373598948357,9781,0.0,2024-01-03,signup,7,True,MAZBBJQRNY,group1
0.271611825747159,0.19037848281778524,0.18749157326322383,9787,0.0,2024-01-19,signup,7,False,ALVSZMFNUD,group1
0.047309512494995765,0.5497920521716342,0.04687289331580596,9789,0.0,2024-01-09,signup,7,False,FOVYLHGWRW,group1
0.6080652956254038,0.47026741230314384,1.0,9791,1.0,2024-01-14,signup,4,True,YCQPNMJQIA,group1
0.047309512494995765,0.8449477530319105,0.0,9792,0.0,2024-01-02,signup,7,False,ZKWSKJZRFJ,group1
0.271611825747159,0.9244377529064205,0.0937457866316119,9793,0.0,2024-01-21,signup,6,False,FIXNUHDXPW,group1
0.3837629823732406,0.4481539085025079,0.4218560398422536,9794,1.0,2024-01-04,signup,1,True,AYPCNDSEGM,group1
0.3837629823732406,0.35379626189813607,0.0937457866316119,9801,0.0,2024-01-02,signup,7,True,HLCXZMGQWK,group1
0.3837629823732406,0.3913114394247086,0.7030933997370894,9803,1.0,2024-01-19,signup,3,False,MKGWCYTFDZ,group1
0.7202164522514855,0.5826048007315476,0.5156018264738655,9804,1.0,2024-01-08,signup,4,True,HAYIQTDOOL,group1
0.6080652956254038,1.0000000000000004,0.7499662930528953,9809,1.0,2024-01-25,signup,4,True,SOYGIRNMVG,group1
0.3837629823732406,0.6274881911568926,0.0937457866316119,9810,0.0,2024-01-30,signup,4,True,YRPTXYXQSZ,group1
0.271611825747159,0.18725603707743188,0.18749157326322383,9812,0.0,2024-01-18,signup,6,True,CUCAVXIQOK,group1
0.15946066912107737,0.8008449464428202,0.04687289331580596,9819,0.0,2024-01-25,signup,7,False,CGBIECEJPX,group1
0.3837629823732406,0.16431116751181118,0.04687289331580596,9824,0.0,2024-01-28,signup,8,False,MDMSIDLLIW,group1
0.9999999999999999,0.33211638932827725,0.18749157326322383,9826,0.0,2024-01-26,signup,2,True,HQXZWXBSPR,group1
0.3837629823732406,0.5743139337935479,0.0,9835,0.0,2024-01-23,signup,3,True,TBHJNNWCXA,group1
0.271611825747159,0.24098358324307556,0.5156018264738655,9846,1.0,2024-01-28,signup,3,False,URVARRIBAV,group1
0.271611825747159,0.47889529290681043,0.0,9847,0.0,2024-01-04,signup,8,True,KMVMRDBFEG,group1
0.6080652956254038,0.2526950116908697,0.23436446657902976,9849,1.0,2024-01-10,signup,4,False,CWHXKIKNAF,group1
0.49591413899932213,0.4911059722123623,0.7030933997370894,9850,1.0,2024-01-18,signup,6,True,GSDUMGKKZO,group1
0.49591413899932213,0.7595260837123976,0.4687289331580596,9854,1.0,2024-01-01,signup,7,False,ZJNRKCLLKA,group1
0.15946066912107737,0.4621695134857977,0.7499662930528953,9862,1.0,2024-01-12,signup,3,False,SWDEPMTWNT,group1
0.6080652956254038,0.4856441307431534,0.5156018264738655,9864,1.0,2024-01-02,signup,5,False,GLNRLTZLAV,group1
0.49591413899932213,1.0000000000000004,0.0937457866316119,9865,0.0,2024-01-19,signup,9,True,QCRINUOKLH,group1
0.7202164522514855,0.0,0.23436446657902976,9868,1.0,2024-01-10,signup,7,True,UJZOJNPBMC,group1
0.6080652956254038,0.7288759949502883,0.0,9869,0.0,2024-01-17,signup,1,True,HDTREUUIBU,group1
0.271611825747159,0.5730832451003396,0.2812373598948357,9873,0.0,2024-01-27,signup,8,True,XSMVTQDUWG,group1
0.3837629823732406,0.6954832804035367,0.37498314652644765,9874,1.0,2024-01-11,signup,4,False,QHKOJPIVXI,group1
0.49591413899932213,0.3668768595277254,0.37498314652644765,9879,1.0,2024-01-19,signup,6,True,HJYUGBHTAR,group1
0.49591413899932213,0.45673347841997636,0.7499662930528953,9898,1.0,2024-01-23,signup,8,False,IUZVFZXTLD,group1
0.15946066912107737,0.8237592803475295,0.2812373598948357,9901,0.0,2024-01-01,signup,2,True,WOVQDNQQKH,group1
0.3837629823732406,0.6452714098427954,0.0,9902,0.0,2024-01-24,signup,4,True,AYFDKJINMM,group1
0.49591413899932213,0.5837845984543146,0.8437120796845072,9903,1.0,2024-01-29,signup,7,True,QIBIFYCTMH,group1
0.3837629823732406,0.48927301391806877,0.14061867994741786,9905,0.0,2024-01-29,signup,5,False,HUWWMYRIAI,group1
0.832367608877567,0.40948469281038813,0.0937457866316119,9912,0.0,2024-01-08,signup,5,True,FCIPDZJQJY,group1
0.7202164522514855,0.29928134374776816,0.0,9917,0.0,2024-01-21,signup,2,True,VYXIGQJMQU,group1
0.6080652956254038,0.4478495734637704,1.0,9921,1.0,2024-01-10,signup,1,False,JWKEEDYOXD,group1
0.047309512494995765,0.8432059830128535,0.5156018264738655,9922,1.0,2024-01-28,signup,9,False,XNVFCAOPJW,group1
0.6080652956254038,0.3310840205228449,0.5624747197896716,9928,1.0,2024-01-20,signup,1,False,FJVIZYAEFN,group1
0.3837629823732406,0.2688017752716618,0.5156018264738655,9930,1.0,2024-01-20,signup,3,True,CZVZHLBZOP,group1
0.15946066912107737,0.4255164160925595,0.8437120796845072,9937,1.0,2024-01-15,signup,2,False,LSIGBTAGSN,group1
0.15946066912107737,0.6539393297450622,0.2812373598948357,9939,1.0,2024-01-14,signup,5,False,OCFIVNUKOS,group1
0.6080652956254038,0.14428460861318904,0.18749157326322383,9942,0.0,2024-01-29,signup,8,True,XRCDMRZGUH,group1
0.047309512494995765,0.29673287546603033,0.0,9945,0.0,2024-01-14,signup,6,False,BZWBSWNEWW,group1
0.15946066912107737,0.35721088567036796,0.0937457866316119,9953,0.0,2024-01-03,signup,8,True,AXUXDIPEYL,group1
0.15946066912107737,0.38163763421819796,0.23436446657902976,9957,1.0,2024-01-20,signup,1,True,ASTTQPJFVJ,group1
0.3837629823732406,0.46096531890384185,1.0,9960,1.0,2024-01-22,signup,3,False,UPJHDYQJPZ,group1
0.832367608877567,0.8279318118226886,0.4687289331580596,9961,1.0,2024-01-15,signup,7,False,EZUJXLGPSL,group1
0.3837629823732406,0.15107606067038137,0.04687289331580596,9969,0.0,2024-01-01,signup,4,True,MKAUXKOLWQ,group1
0.6080652956254038,0.48733014177340506,0.04687289331580596,9970,0.0,2024-01-09,signup,1,True,MUDVYPCTBF,group1
0.6080652956254038,0.26728036466893634,0.5624747197896716,9981,1.0,2024-01-20,signup,7,True,WMWKVKMISY,group1
0.832367608877567,0.7443681433823586,0.3281102532106417,9988,0.0,2024-01-04,signup,1,True,LIQTZNOOEM,group1
0.3837629823732406,0.3029591788588992,0.0,9990,0.0,2024-01-15,signup,4,False,LKFTELMNZP,group1
0.49591413899932213,0.48527001621182553,0.2812373598948357,9999,0.0,2024-01-30,signup,9,False,CCEMRNNMRB,group1
0.49591413899932213,0.7720853648868209,0.2812373598948357,10001,0.0,2024-01-17,signup,3,False,LFIWBWUBFF,group1
0.3837629823732406,1.0000000000000004,0.7968391863687013,10005,1.0,2024-01-14,signup,4,False,TBAMBLSUOW,group1
0.6080652956254038,0.6264890808261931,0.8905849730003133,10026,1.0,2024-01-20,signup,8,True,EPYJHZSBPZ,group1
0.6080652956254038,0.798741507823181,0.7030933997370894,10029,1.0,2024-01-18,signup,2,True,HHVZYFEERE,group1
0.6080652956254038,0.3815313718137925,0.2812373598948357,10032,1.0,2024-01-11,signup,7,False,AWCKWXRNBI,group1
0.15946066912107737,0.5282213953994903,1.0,10036,1.0,2024-01-25,signup,4,False,JGCVHIYVQN,group1
0.7202164522514855,0.7192150841849534,0.8437120796845072,10038,1.0,2024-01-14,signup,3,True,QVHYAYFJIB,group1
0.3837629823732406,0.38346075619673936,0.0,10039,0.0,2024-01-12,signup,5,False,FUWMNBWGNW,group1
0.6080652956254038,0.7888190920675817,0.3281102532106417,10041,0.0,2024-01-26,signup,9,False,ZQIHEJLMYU,group1
0.15946066912107737,0.7310338142518211,0.4218560398422536,10052,1.0,2024-01-11,signup,2,True,RIXHGCSLTI,group1
0.3837629823732406,0.3356237363709451,0.14061867994741786,10059,0.0,2024-01-04,signup,6,True,SKZABXPEBJ,group1
0.15946066912107737,0.9049437055098033,0.0,10064,0.0,2024-01-17,signup,5,True,ZMLLCXRBPK,group1
0.7202164522514855,0.6919681917318963,0.4687289331580596,10066,1.0,2024-01-30,signup,9,False,PLFACDRPSW,group1
0.7202164522514855,0.17287176911713154,0.18749157326322383,10067,1.0,2024-01-16,signup,3,True,VFRWGXREVC,group1
0.271611825747159,0.47183729782497563,0.8905849730003133,10073,0.0,2024-01-01,signup,7,True,BIESEPTJIG,group1
0.6080652956254038,0.49726960997393155,0.2812373598948357,10077,0.0,2024-01-09,signup,7,False,RSXGQZXPIQ,group1
0.49591413899932213,0.7677248030913306,0.4687289331580596,10081,1.0,2024-01-13,signup,9,False,ZZFPBNUSVL,group1
0.832367608877567,0.4992414362013773,0.5624747197896716,10082,1.0,2024-01-16,signup,7,True,ZGJCPISZQU,group1
0.7202164522514855,0.3597454936161304,0.04687289331580596,10083,0.0,2024-01-22,signup,2,False,JZRPUHQNNP,group1
0.49591413899932213,0.35020119902559177,0.0,10084,0.0,2024-01-11,signup,9,False,NHCZLWYOEP,group1
0.49591413899932213,0.7086273807255932,0.04687289331580596,10087,0.0,2024-01-26,signup,3,False,MBQEZHLWZB,group1
0.3837629823732406,0.5759907393723593,0.04687289331580596,10091,0.0,2024-01-29,signup,6,True,MBKVOOOJIF,group1
0.3837629823732406,0.0,0.37498314652644765,10093,1.0,2024-01-01,signup,1,False,EQVSQHAONR,group1
0.3837629823732406,0.5038568234419993,0.7030933997370894,10096,1.0,2024-01-05,signup,3,True,LZMAMZGVDK,group1
0.9999999999999999,0.46469813255578485,0.4218560398422536,10101,1.0,2024-01-06,signup,5,False,JJCQVKDIXI,group1
0.7202164522514855,0.5157728866971487,0.6562205064212835,10126,0.0,2024-01-20,signup,4,False,MQKUIATYIZ,group1
0.49591413899932213,0.7048805741322237,0.3281102532106417,10137,1.0,2024-01-19,signup,5,False,TTYTCFGHXY,group1
0.7202164522514855,0.8416865729113301,0.2812373598948357,10139,1.0,2024-01-04,signup,4,True,YHOLTTBSIY,group1
0.49591413899932213,0.9471920676130723,0.0,10140,0.0,2024-01-09,signup,8,False,DYTPERKCUL,group1
0.7202164522514855,0.16195033205286302,0.5156018264738655,10144,1.0,2024-01-19,signup,4,False,JHOIMIOWAQ,group1
0.832367608877567,0.3717748633694642,0.37498314652644765,10152,0.0,2024-01-18,signup,2,False,HKQPLFPOYF,group1
0.15946066912107737,0.8322818030725112,0.2812373598948357,10158,1.0,2024-01-26,signup,4,True,CGMXKOHQAY,group1
0.047309512494995765,0.2677954781385359,0.7968391863687013,10164,1.0,2024-01-15,signup,9,True,HTYWKGXWGS,group1
0.6080652956254038,0.5351970324836874,0.37498314652644765,10165,0.0,2024-01-30,signup,1,True,SSTLMNLTLH,group1
0.6080652956254038,0.08180134833991293,0.37498314652644765,10170,1.0,2024-01-07,signup,7,True,CDATBCLTFJ,group1
0.15946066912107737,0.466015270834363,0.2812373598948357,10177,0.0,2024-01-13,signup,5,True,HKSFUXDZOM,group1
0.7202164522514855,0.2579629606441318,0.18749157326322383,10187,1.0,2024-01-04,signup,4,False,YBKPZBTEOV,group1
0.3837629823732406,0.8146851296810778,0.5624747197896716,10195,1.0,2024-01-06,signup,5,True,HCWEXRGKXD,group1
0.271611825747159,0.23965967270991362,0.5156018264738655,10201,0.0,2024-01-17,signup,7,True,SMTAACMZBK,group1
0.3837629823732406,0.6166271528932499,0.2812373598948357,10202,0.0,2024-01-29,signup,3,False,QCOUWKIIEM,group1
0.6080652956254038,0.43387753350127634,0.18749157326322383,10203,0.0,2024-01-18,signup,1,False,WMHSMDQRTP,group1
0.271611825747159,0.0,0.18749157326322383,10205,0.0,2024-01-26,signup,9,True,KYNGFOZFIQ,group1
0.3837629823732406,0.9708795496798492,0.04687289331580596,10212,0.0,2024-01-31,signup,8,True,VNKJUWKOIU,group1
0.15946066912107737,0.6915044890058413,1.0,10213,1.0,2024-01-12,signup,6,False,THIOCXMDVS,group1
0.49591413899932213,0.4349252211517105,0.7968391863687013,10223,0.0,2024-01-13,signup,7,False,KEWNHHFGFC,group1
0.49591413899932213,0.41971563326465455,0.2812373598948357,10225,1.0,2024-01-17,signup,1,True,KGOAAOKKSI,group1
0.7202164522514855,0.5857564974570715,0.6093476131054775,10226,1.0,2024-01-31,signup,5,True,BGHBIIIEDS,group1
0.271611825747159,0.4904552307309884,0.7030933997370894,10234,1.0,2024-01-20,signup,5,True,QEXCXLJESZ,group1
0.7202164522514855,0.15083952255247546,0.2812373598948357,10235,1.0,2024-01-16,signup,8,True,PQDIUAXXMX,group1
0.6080652956254038,0.4432564745522285,0.7030933997370894,10238,1.0,2024-01-10,signup,8,True,IXRMCQJROD,group1
0.3837629823732406,0.6676641323134462,0.04687289331580596,10242,0.0,2024-01-29,signup,3,True,KGXTPFUKHE,group1
0.047309512494995765,0.3915525365478647,0.14061867994741786,10246,0.0,2024-01-16,signup,4,True,VGWFFDFJHT,group1
0.49591413899932213,0.18094103814151907,0.6093476131054775,10250,1.0,2024-01-30,signup,6,False,GLJSWMIXBE,group1
0.49591413899932213,0.7215282580147973,0.0,10252,0.0,2024-01-20,signup,8,True,CVDUJCGNRJ,group1
0.271611825747159,0.6625776511267061,0.7030933997370894,10257,1.0,2024-01-29,signup,5,False,QKVSHVVCCL,group1
0.6080652956254038,0.33426228841714956,0.7499662930528953,10259,0.0,2024-01-29,signup,3,False,QHAKOJXJYK,group1
0.832367608877567,0.4104140976828963,1.0,10260,1.0,2024-01-09,signup,6,False,MMXXIXDJAB,group1
0.7202164522514855,0.42977794782461354,0.23436446657902976,10273,0.0,2024-01-18,signup,2,True,TFSLPXACCH,group1
0.271611825747159,0.35657146605483625,0.5156018264738655,10276,1.0,2024-01-05,signup,3,True,FFIGBNGSHQ,group1
0.7202164522514855,0.7553907939348323,0.04687289331580596,10281,0.0,2024-01-13,signup,5,True,GWFJTZVNJQ,group1
0.3837629823732406,0.6383655734883362,0.23436446657902976,10282,1.0,2024-01-21,signup,8,True,WAQETBIASO,group1
0.832367608877567,0.16016458470751083,0.2812373598948357,10286,0.0,2024-01-01,signup,4,True,SJWBAZVCLP,group1
0.271611825747159,0.5205491914492208,0.0,10287,0.0,2024-01-19,signup,4,False,AWVFUNTVVG,group1
0.9999999999999999,0.7294613598819621,0.7030933997370894,10288,1.0,2024-01-28,signup,9,False,GNKLDUTEZX,group1
0.6080652956254038,0.3136984582021727,0.6562205064212835,10293,1.0,2024-01-07,signup,1,False,ASJJJHZNME,group1
0.6080652956254038,0.560240367437244,0.6093476131054775,10301,1.0,2024-01-01,signup,7,True,QBIUJVIONT,group1
0.7202164522514855,0.9330135187207591,0.7030933997370894,10305,1.0,2024-01-14,signup,3,False,ZPPKHTFGLJ,group1
0.15946066912107737,0.5657279734988805,0.6093476131054775,10308,1.0,2024-01-04,signup,5,True,MKONXJUTAK,group1
0.7202164522514855,0.3409944656256685,0.3281102532106417,10311,0.0,2024-01-18,signup,2,False,NLFVZVZIXY,group1
0.3837629823732406,0.2701529190117391,0.2812373598948357,10314,1.0,2024-01-03,signup,8,True,XGOBWHTTMW,group1
0.49591413899932213,0.5508447931238791,0.0937457866316119,10316,0.0,2024-01-22,signup,8,False,WTHFISAUYN,group1
0.3837629823732406,0.37555343054573154,0.04687289331580596,10317,0.0,2024-01-23,signup,7,True,TVPZQNANIZ,group1
0.7202164522514855,0.5012269923915351,0.0,10327,0.0,2024-01-11,signup,9,False,RUQKWTGGZW,group1
0.6080652956254038,0.6107091327119041,0.4687289331580596,10329,1.0,2024-01-25,signup,5,False,WWIBHNOGQO,group1
0.7202164522514855,0.39974853343892214,0.37498314652644765,10331,1.0,2024-01-25,signup,8,False,DZZRNKMGIG,group1
0.49591413899932213,0.7210747827265611,0.6093476131054775,10332,0.0,2024-01-10,signup,1,True,None,group1
0.832367608877567,0.7460366706452399,0.37498314652644765,10333,1.0,2024-01-13,signup,6,True,KCSDVIFKHN,group1
0.49591413899932213,0.15207491555785424,0.18749157326322383,10334,0.0,2024-01-17,signup,3,True,TVPEIKQUTF,group1
0.49591413899932213,0.34002016870022356,0.3281102532106417,10336,0.0,2024-01-21,signup,5,True,DLMBXPSIGW,group1
0.49591413899932213,0.828084851413081,0.37498314652644765,10339,1.0,2024-01-16,signup,6,True,PBUAACOTMR,group1
0.3837629823732406,0.5153395557421709,0.14061867994741786,10342,0.0,2024-01-21,signup,7,True,QCGEXXLHAU,group1
0.271611825747159,0.9825181388194957,0.4218560398422536,10348,1.0,2024-01-11,signup,6,True,SGFWTTZBMR,group1
0.271611825747159,0.35370799349788973,0.18749157326322383,10349,0.0,2024-01-29,signup,9,False,WDIFPOWXAN,group1
0.832367608877567,0.5791958338177348,0.5156018264738655,10350,1.0,2024-01-03,signup,2,False,DDHEHZJPWI,group1
0.271611825747159,0.3311451784084629,0.37498314652644765,10351,1.0,2024-01-26,signup,6,True,RKXJYJNXLH,group1
0.6080652956254038,0.33499523579914614,0.0,10355,0.0,2024-01-05,signup,1,False,KBHUJNAYCC,group1
0.3837629823732406,0.6017325537873459,0.8437120796845072,10359,1.0,2024-01-15,signup,4,False,IFCTVNVWVR,group1
0.15946066912107737,0.5491089506263545,0.8905849730003133,10360,1.0,2024-01-20,signup,7,True,GYHFQSCQRQ,group1
0.7202164522514855,0.03845734023687353,0.6093476131054775,10361,1.0,2024-01-20,signup,2,False,BNHMAJOBLH,group1
0.3837629823732406,0.19876244878610638,0.23436446657902976,10364,0.0,2024-01-17,signup,5,True,XWSYJJIENY,group1
0.047309512494995765,0.49918960565141246,0.18749157326322383,10365,0.0,2024-01-29,signup,8,False,ZMQNARCFIU,group1
0.7202164522514855,0.7167819493776015,0.5624747197896716,10366,1.0,2024-01-08,signup,8,False,RBGRFYWTLH,group1
0.15946066912107737,0.3949650924156147,0.6562205064212835,10369,1.0,2024-01-26,signup,2,True,ALZAHKARTP,group1
0.271611825747159,0.7369846028552289,0.5624747197896716,10371,1.0,2024-01-25,signup,8,True,UMHDEYCNOA,group1
0.832367608877567,0.664454655498218,0.04687289331580596,10373,0.0,2024-01-29,signup,3,False,KLMROGVIZV,group1
0.3837629823732406,0.0,0.3281102532106417,10382,0.0,2024-01-27,signup,3,True,TPLPJVXCAS,group1
0.7202164522514855,0.4491489857270561,0.4687289331580596,10397,1.0,2024-01-27,signup,7,True,WRUSXPGONO,group1
0.832367608877567,0.007620673234777442,0.04687289331580596,10399,0.0,2024-01-03,signup,7,True,FCVLFDTLDA,group1
0.3837629823732406,0.37116411955982676,0.23436446657902976,10401,0.0,2024-01-15,signup,2,True,SNNHMBOBXZ,group1
0.6080652956254038,0.5672811200590946,0.0937457866316119,10403,0.0,2024-01-21,signup,2,False,FZKUXVSSIY,group1
0.49591413899932213,0.7191089304280425,0.4687289331580596,10406,0.0,2024-01-22,signup,1,False,SVSHIGYOEX,group1
0.3837629823732406,0.5818165691239856,0.5624747197896716,10410,1.0,2024-01-31,signup,5,True,VPSIPSEOYE,group1
0.271611825747159,0.9889145858489812,0.0937457866316119,10412,0.0,2024-01-25,signup,6,False,YIMMKXJWGN,group1
0.271611825747159,0.4634238203232077,0.2812373598948357,10414,1.0,2024-01-30,signup,9,True,IUSQOMFYGS,group1
0.047309512494995765,0.4755415388067581,0.6562205064212835,10421,0.0,2024-01-05,signup,4,True,SAUTUJZJKV,group1
0.271611825747159,1.0000000000000004,0.5624747197896716,10424,1.0,2024-01-11,signup,2,False,MGEPHNSUHQ,group1
0.49591413899932213,0.5952543174379357,0.0,10430,0.0,2024-01-25,signup,9,True,USIXPGLKHG,group1
0.3837629823732406,0.95164719234868,0.0937457866316119,10433,0.0,2024-01-18,signup,6,True,VSAOUGQGCK,group1
0.3837629823732406,0.487750911267816,0.18749157326322383,10434,1.0,2024-01-07,signup,7,True,DTNKHTUKVK,group1
0.49591413899932213,0.22620539202536305,0.8905849730003133,10437,1.0,2024-01-29,signup,6,True,QPFYMZSQXL,group1
0.047309512494995765,0.7930944734020597,0.04687289331580596,10438,0.0,2024-01-07,signup,5,False,QFKMIWQDFA,group1
0.49591413899932213,0.4436415412348924,0.5624747197896716,10454,1.0,2024-01-15,signup,9,True,FHPYTFPDNK,group1
0.7202164522514855,0.12720082280475697,0.14061867994741786,10456,0.0,2024-01-14,signup,1,False,PSMKIMLXIL,group1
0.49591413899932213,0.9452408327244939,0.3281102532106417,10465,0.0,2024-01-20,signup,5,False,KKWCYIRNAZ,group1
0.9999999999999999,0.619743152396361,0.04687289331580596,10466,0.0,2024-01-20,signup,4,True,ZZYRYYMZRX,group1
0.7202164522514855,0.29400835851527063,0.3281102532106417,10470,1.0,2024-01-18,signup,6,False,SAEIIPZTOQ,group1
0.6080652956254038,0.5466520503839032,0.9374578663161192,10473,0.0,2024-01-14,signup,8,False,IDWAPZEBVK,group1
0.49591413899932213,0.874977394373349,0.0937457866316119,10480,0.0,2024-01-14,signup,6,True,XOAFELNOVA,group1
0.9999999999999999,0.838710836487055,0.18749157326322383,10483,0.0,2024-01-08,signup,4,False,HYDNJAJBXV,group1
0.9999999999999999,0.5601085874783966,0.4218560398422536,10489,0.0,2024-01-28,signup,9,True,WQNPMYWEDE,group1
0.3837629823732406,0.6237595858094469,0.37498314652644765,10491,0.0,2024-01-05,signup,4,False,GOBQDIQZOF,group1
0.3837629823732406,0.24061203152879207,0.18749157326322383,10496,1.0,2024-01-21,signup,2,False,JPHAGZZIKU,group1
0.3837629823732406,1.0000000000000004,0.0937457866316119,10499,0.0,2024-01-09,signup,7,True,MLFEFFQWQT,group1
0.271611825747159,0.14261162439021202,0.2812373598948357,10508,1.0,2024-01-13,signup,9,False,EURCBAZIHI,group1
0.3837629823732406,0.5256812921370466,0.18749157326322383,10510,0.0,2024-01-19,signup,9,True,OLBRNIKCLG,group1
0.6080652956254038,0.45808945478509555,0.4687289331580596,10521,1.0,2024-01-30,signup,1,False,ERDGQKGJPP,group1
0.271611825747159,0.40333872537760085,0.0937457866316119,10523,0.0,2024-01-31,signup,3,False,ATCBABUBAX,group1
0.271611825747159,0.5049331385480675,0.4687289331580596,10525,1.0,2024-01-27,signup,5,False,ZLJQSRDJKX,group1
0.3837629823732406,0.27730872909191273,0.3281102532106417,10531,1.0,2024-01-03,signup,8,False,EZALWLBQWP,group1
0.271611825747159,0.3017365055329586,0.04687289331580596,10533,0.0,2024-01-15,signup,7,False,PZWIOEBPYK,group1
0.3837629823732406,0.41191226411444903,0.0,10539,0.0,2024-01-31,signup,4,False,HMWBWLIZXA,group1
0.49591413899932213,0.32758822088553297,0.5156018264738655,10541,1.0,2024-01-25,signup,1,True,DODAAYGQUV,group1
0.7202164522514855,0.31811696636854103,0.23436446657902976,10554,1.0,2024-01-21,signup,8,False,FSIBLEGSKD,group1
0.15946066912107737,0.19329586343656802,0.23436446657902976,10557,1.0,2024-01-12,signup,9,True,KFOXUKDHML,group1
0.6080652956254038,0.528586665087523,0.4687289331580596,10563,0.0,2024-01-01,signup,7,True,EGTQWVKKFA,group1
0.271611825747159,0.6204764184788454,1.0,10565,1.0,2024-01-16,signup,6,False,VUBQAVNTFU,group1
0.271611825747159,0.5609263571799046,0.6093476131054775,10566,1.0,2024-01-30,signup,6,True,OJPWXNJNYM,group1
0.3837629823732406,0.3948602424335519,0.6562205064212835,10569,1.0,2024-01-06,signup,6,False,LHWGCREPLD,group1
0.49591413899932213,0.3086818989407152,0.8437120796845072,10571,1.0,2024-01-04,signup,8,False,BETIPFHVRC,group1
0.15946066912107737,0.17479266775622682,0.04687289331580596,10578,0.0,2024-01-04,signup,4,False,None,group1
0.271611825747159,1.0000000000000004,0.0937457866316119,10585,0.0,2024-01-10,signup,8,True,PANNSMSYBF,group1
0.3837629823732406,0.508358652899259,0.0,10586,0.0,2024-01-15,signup,3,True,REVAKLEGNI,group1
0.9445187655036485,0.4773299013059389,0.14061867994741786,10588,1.0,2024-01-10,signup,2,False,JVGLOIHUBA,group1
0.047309512494995765,0.21033905667923447,0.4687289331580596,10590,1.0,2024-01-06,signup,8,False,KTEXNSGWXC,group1
0.047309512494995765,0.5038797173359,0.04687289331580596,10592,0.0,2024-01-14,signup,6,False,FOQQXNHQQV,group1
0.832367608877567,0.43866904952407015,0.8437120796845072,10596,1.0,2024-01-08,signup,3,False,HSVWSGGCDV,group1
0.3837629823732406,0.06468084932236895,0.5624747197896716,10602,1.0,2024-01-01,signup,8,False,GRHWTVCXAZ,group1
0.271611825747159,0.48229956384511885,0.4687289331580596,10606,1.0,2024-01-12,signup,2,True,MKOTJCXGWA,group1
0.3837629823732406,0.5305913829689186,0.7030933997370894,10612,0.0,2024-01-19,signup,7,False,MXMPHIXNYO,group1
0.7202164522514855,0.6092534720060749,0.04687289331580596,10618,0.0,2024-01-28,signup,6,True,KUWEPACDAS,group1
0.271611825747159,0.8076583978698553,0.5156018264738655,10629,1.0,2024-01-04,signup,4,False,QOHIPFPEQX,group1
0.3837629823732406,0.30600866606107147,0.4218560398422536,10632,0.0,2024-01-03,signup,5,False,EWZVXUHPBJ,group1
0.6080652956254038,0.33125792132595144,0.7030933997370894,10640,1.0,2024-01-02,signup,2,True,SAVBYAAXCY,group1
0.271611825747159,0.6135704730951574,0.04687289331580596,10642,0.0,2024-01-05,signup,6,False,GXLGOBWSGK,group1
0.6080652956254038,0.5799083594633596,0.5624747197896716,10643,1.0,2024-01-16,signup,2,True,BJWRUYAAIV,group1
0.832367608877567,0.7145771972455273,0.4218560398422536,10645,0.0,2024-01-23,signup,7,False,ROKPCZPMPC,group1
0.49591413899932213,0.461161224545823,0.3281102532106417,10649,1.0,2024-01-13,signup,8,False,GABEBNJLXI,group1
0.047309512494995765,0.42242974925067944,0.2812373598948357,10652,1.0,2024-01-11,signup,8,True,YVAZDWKCUX,group1
0.3837629823732406,0.9952260571673093,0.18749157326322383,10654,0.0,2024-01-16,signup,2,True,TCXBEACWDR,group1
0.7202164522514855,0.5476994508026198,0.18749157326322383,10664,1.0,2024-01-29,signup,3,True,VCECJKUKUM,group1
0.3837629823732406,0.7507591774997153,0.37498314652644765,10669,0.0,2024-01-02,signup,6,False,LKIMQVWWXL,group1
0.6080652956254038,0.32082561686089983,0.2812373598948357,10671,0.0,2024-01-29,signup,8,False,RDADJVHIIP,group1
0.3837629823732406,0.6633118576473689,0.23436446657902976,10683,1.0,2024-01-15,signup,1,True,VDQHHTWPAP,group1
0.7202164522514855,0.3422807477303582,0.14061867994741786,10687,0.0,2024-01-07,signup,3,True,RTAQGXBSDO,group1
0.49591413899932213,0.7015039495873281,0.6093476131054775,10690,1.0,2024-01-04,signup,3,True,NSYKASOMUO,group1
0.15946066912107737,0.29662734858471707,0.23436446657902976,10709,0.0,2024-01-19,signup,2,True,XWDUZFQPLE,group1
0.6080652956254038,0.41739991088059814,0.3281102532106417,10712,1.0,2024-01-29,signup,5,False,JLRFMDMOXI,group1
0.3837629823732406,0.21255901335618477,0.14061867994741786,10716,0.0,2024-01-10,signup,3,False,GSLXOVNNCP,group1
0.3837629823732406,0.11866766647707916,0.4218560398422536,10723,1.0,2024-01-25,signup,7,False,NGNNPMBPTA,group1
0.15946066912107737,0.4728116469052459,0.6093476131054775,10727,0.0,2024-01-06,signup,3,True,UGTMGEEHZN,group1
0.3837629823732406,0.42807877323925414,0.2812373598948357,10728,0.0,2024-01-27,signup,2,True,NQOZJZNBMM,group1
0.49591413899932213,0.5169986725582434,0.7030933997370894,10729,1.0,2024-01-03,signup,4,False,GWZEZCVFIE,group1
0.49591413899932213,0.05131205144672668,0.3281102532106417,10737,0.0,2024-01-05,signup,2,True,FNKIQZWTPW,group1
0.49591413899932213,0.5958417275952352,0.37498314652644765,10738,0.0,2024-01-08,signup,8,True,RXSFAFBHIM,group1
0.49591413899932213,0.07889982505027326,0.14061867994741786,10740,0.0,2024-01-14,signup,9,True,TOIVIYVAEG,group1
0.49591413899932213,0.7452065448904444,0.5156018264738655,10741,1.0,2024-01-24,signup,7,False,IAUUKYGBQH,group1
0.6080652956254038,0.3974268686372713,0.37498314652644765,10752,1.0,2024-01-11,signup,4,True,CYKOEPSGQY,group1
0.3837629823732406,0.3180738081420649,0.3281102532106417,10756,0.0,2024-01-09,signup,7,True,CSXGVSSOJV,group1
0.15946066912107737,0.7362388454198716,0.23436446657902976,10757,1.0,2024-01-28,signup,4,True,VHKODSIJXM,group1
0.7202164522514855,0.5841761313138218,0.0,10758,0.0,2024-01-24,signup,7,False,MQUXFVFJOX,group1
0.3837629823732406,0.5369294475386406,0.7030933997370894,10765,1.0,2024-01-01,signup,4,True,ZQJRKKGMYP,group1
0.6080652956254038,0.178983396001124,0.0,10768,0.0,2024-01-31,signup,4,True,HQIHXHWQGG,group1
0.7202164522514855,0.6821038822205123,0.4218560398422536,10776,0.0,2024-01-19,signup,7,True,LZTIPXLSJM,group1
0.832367608877567,0.20093229837144788,0.3281102532106417,10777,1.0,2024-01-22,signup,5,False,PLBHAQEFIW,group1
0.271611825747159,0.2299304928405368,0.5624747197896716,10782,1.0,2024-01-24,signup,1,True,KDYJRUYLRB,group1
0.3837629823732406,0.31906246518877923,0.5156018264738655,10788,1.0,2024-01-13,signup,5,False,SKDUCKPVCE,group1
0.7202164522514855,1.0000000000000004,0.04687289331580596,10795,0.0,2024-01-26,signup,2,False,HPJMKSSYSR,group1
0.49591413899932213,0.4815519080673094,0.0,10799,0.0,2024-01-07,signup,7,True,TCOMYVTCFB,group1
0.3837629823732406,0.6266425668090196,0.0,10800,0.0,2024-01-13,signup,1,True,DSLZDHKWHP,group1
0.3837629823732406,0.8807295279837954,0.04687289331580596,10802,0.0,2024-01-20,signup,7,False,VDBWHAWROU,group1
0.6080652956254038,0.4086895689604422,0.4218560398422536,10810,1.0,2024-01-18,signup,7,True,JKZUPBYFNF,group1
0.15946066912107737,0.5913458569646797,0.14061867994741786,10812,0.0,2024-01-11,signup,2,True,TKHEOPJHHX,group1
0.49591413899932213,0.573760278219015,0.5156018264738655,10816,1.0,2024-01-24,signup,6,True,HCFTYJYESU,group1
0.047309512494995765,0.15719141519865598,0.2812373598948357,10818,0.0,2024-01-09,signup,5,False,DYKBAKCOVP,group1
0.3837629823732406,0.36813107815205814,0.0,10819,0.0,2024-01-03,signup,7,True,JWOTSQWJRX,group1
0.271611825747159,0.4442297417121197,0.3281102532106417,10821,0.0,2024-01-25,signup,9,True,MSRVVGRLXS,group1
0.15946066912107737,0.5842660711001946,0.37498314652644765,10828,1.0,2024-01-23,signup,4,False,MOGYTJPQWY,group1
0.15946066912107737,0.3776980799744267,0.8905849730003133,10829,1.0,2024-01-18,signup,4,False,QKFDTVBABN,group1
0.3837629823732406,0.1218733607347775,0.7030933997370894,10837,1.0,2024-01-08,signup,2,False,BCWKBSICHS,group1
0.15946066912107737,0.7092665339197057,0.6093476131054775,10838,1.0,2024-01-10,signup,5,False,TWERYGENLM,group1
0.7202164522514855,0.1877114037918668,0.2812373598948357,10840,1.0,2024-01-26,signup,2,False,TLDDQKBQEW,group1
0.6080652956254038,0.5034832447333666,0.04687289331580596,10841,0.0,2024-01-02,signup,2,False,LMSCAUKTOS,group1
0.9999999999999999,0.27486155357926023,0.5624747197896716,10851,0.0,2024-01-20,signup,8,True,JHTCCHKVDZ,group1
0.3837629823732406,0.8356803720016117,0.6093476131054775,10855,1.0,2024-01-03,signup,6,False,SCKBTGYQDW,group1
0.49591413899932213,0.4892659921838489,0.37498314652644765,10860,1.0,2024-01-11,signup,8,True,GWJTIHBCYR,group1
0.9445187655036485,0.384778492933628,0.6562205064212835,10863,1.0,2024-01-07,signup,3,False,WQDIFCDCRS,group1
0.3837629823732406,0.6154960313858537,0.5156018264738655,10867,1.0,2024-01-17,signup,9,False,PUQNIJETTP,group1
0.3837629823732406,0.8212616172421119,0.6562205064212835,10871,1.0,2024-01-27,signup,4,False,VIBQTNWXXU,group1
0.271611825747159,0.41221095817993225,0.7968391863687013,10877,1.0,2024-01-01,signup,7,False,GUWBQQPESD,group1
0.6080652956254038,0.6708282776637944,0.0,10881,0.0,2024-01-16,signup,3,True,MXOTFVYTTU,group1
0.3837629823732406,0.28045879686956976,0.6093476131054775,10883,1.0,2024-01-25,signup,2,False,ALRDCIXDLP,group1
0.3837629823732406,0.6537758654153585,0.23436446657902976,10886,0.0,2024-01-21,signup,7,True,IUHPNZIIWA,group1
0.6080652956254038,0.35212945520145267,0.6562205064212835,10888,1.0,2024-01-20,signup,8,True,TDONYPJQLB,group1
0.3837629823732406,0.4802891773780189,0.04687289331580596,10895,0.0,2024-01-29,signup,7,False,FRGYBJEOKF,group1
0.7202164522514855,0.5929194885705282,0.6562205064212835,10902,1.0,2024-01-04,signup,3,True,OXEZXVYOFQ,group1
0.7202164522514855,0.587562521728815,0.6093476131054775,10903,1.0,2024-01-04,signup,2,False,JGFSZJNWNT,group1
0.9999999999999999,0.3563104051125454,0.23436446657902976,10906,0.0,2024-01-25,signup,5,True,VHANYAULAG,group1
0.7202164522514855,0.8483008371383196,0.2812373598948357,10910,0.0,2024-01-31,signup,7,True,NOZPYAFHGB,group1
0.271611825747159,0.5611271526390698,0.0937457866316119,10917,0.0,2024-01-15,signup,5,False,AXJTLZRQMB,group1
0.271611825747159,0.19531290065223628,0.04687289331580596,10923,0.0,2024-01-16,signup,1,False,NHETICDBSB,group1
0.6080652956254038,0.5857261021167961,0.8905849730003133,10924,1.0,2024-01-23,signup,9,True,SCMAXHERRE,group1
0.49591413899932213,0.43906317680459006,0.0,10927,0.0,2024-01-09,signup,7,True,UWPRAWXWVI,group1
0.0,0.6240735981600372,0.0,10931,0.0,2024-01-08,signup,6,True,KPGFHDARUY,group1
0.9999999999999999,0.4994143568965841,0.9374578663161192,10933,1.0,2024-01-24,signup,4,True,ESLAJOWJEI,group1
0.271611825747159,0.8164676764587999,0.37498314652644765,10940,1.0,2024-01-25,signup,1,True,XIUKYOUTHZ,group1
0.7202164522514855,0.6047306500455885,0.18749157326322383,10944,0.0,2024-01-06,signup,9,False,JXMJCGFCYM,group1
0.9999999999999999,0.5856454613032076,0.7030933997370894,10945,1.0,2024-01-25,signup,3,True,BOOEINYNSA,group1
0.047309512494995765,0.08695209407508386,0.2812373598948357,10948,0.0,2024-01-05,signup,3,False,LXUDDZYENG,group1
0.3837629823732406,0.373686968793979,0.3281102532106417,10950,0.0,2024-01-01,signup,4,False,RKPYEGSHXA,group1
0.15946066912107737,0.6488336151386824,0.4218560398422536,10951,1.0,2024-01-19,signup,3,True,IPCGESJGVN,group1
0.15946066912107737,0.5010166233064908,0.18749157326322383,10952,0.0,2024-01-11,signup,2,True,DFEAJEQZPR,group1
0.7202164522514855,0.5200752261951056,0.6562205064212835,10964,1.0,2024-01-23,signup,4,True,EAFAGAPLXC,group1
0.3837629823732406,0.7407607795856772,0.04687289331580596,10966,0.0,2024-01-29,signup,6,True,HQRTGOVLQM,group1
0.3837629823732406,0.4318546223558277,1.0,10968,1.0,2024-01-13,signup,5,False,UPOZGNPFCQ,group1
0.3837629823732406,0.5399094640403947,0.14061867994741786,10978,0.0,2024-01-25,signup,2,True,JUBWQDOQUA,group1
0.3837629823732406,0.1199196106499838,0.04687289331580596,10983,0.0,2024-01-10,signup,1,False,UKRBBANIBF,group1
0.3837629823732406,0.8053539924145219,0.04687289331580596,10984,0.0,2024-01-13,signup,3,True,VYSJANYMXR,group1
0.832367608877567,0.7680207429955761,0.0,10987,0.0,2024-01-09,signup,5,True,KZXYFAXPOB,group1
0.3837629823732406,0.6930685195711326,0.37498314652644765,10993,0.0,2024-01-11,signup,9,False,VEANALHEQH,group1
0.49591413899932213,0.575307455321985,0.37498314652644765,10999,1.0,2024-01-16,signup,7,False,BZBRQDXNDI,group1
0.9445187655036485,0.09465947238693406,0.14061867994741786,11009,0.0,2024-01-11,signup,5,False,MCOMHBKHVI,group1
0.832367608877567,0.6528542494439318,0.7499662930528953,11010,1.0,2024-01-12,signup,5,False,UFQESQDFKN,group1
0.832367608877567,0.8115379973809382,0.14061867994741786,11021,0.0,2024-01-23,signup,8,False,XIGVRDUCVE,group1
0.49591413899932213,0.5915133504528969,0.04687289331580596,11031,0.0,2024-01-14,signup,5,False,ECAKXMJKWX,group1
0.49591413899932213,0.5035077161194952,0.7968391863687013,11035,1.0,2024-01-08,signup,5,False,DKKQATLGKB,group1
0.832367608877567,0.3700056599312558,0.14061867994741786,11036,1.0,2024-01-09,signup,3,False,HJZSFDIBMZ,group1
0.49591413899932213,0.4737030691603228,0.5624747197896716,11042,1.0,2024-01-22,signup,7,False,ABWJHHOOBT,group1
0.15946066912107737,0.046304583228322205,0.0937457866316119,11044,0.0,2024-01-07,signup,9,False,MUKRIAPYOW,group1
0.271611825747159,0.30280170178653787,0.14061867994741786,11047,0.0,2024-01-29,signup,1,True,IKILXPPLIC,group1
0.9999999999999999,0.6006247255053174,0.0937457866316119,11050,0.0,2024-01-24,signup,3,False,EIQHJAMNJJ,group1
0.6080652956254038,0.8133914612834818,0.6562205064212835,11056,1.0,2024-01-19,signup,4,True,IGNPHQDUWU,group1
0.9445187655036485,1.0000000000000004,0.6562205064212835,11059,1.0,2024-01-26,signup,6,False,MXFWHYCTVP,group1
0.15946066912107737,0.6006205062365773,0.0,11066,0.0,2024-01-12,signup,6,True,FADJHIWDFL,group1
0.7202164522514855,0.9012195748665519,0.4218560398422536,11068,1.0,2024-01-22,signup,3,False,STNMMWRGNJ,group1
0.15946066912107737,0.549464704295767,0.2812373598948357,11072,0.0,2024-01-10,signup,4,False,WQCCQJTEEE,group1
0.15946066912107737,0.5403512335742646,0.0937457866316119,11078,0.0,2024-01-31,signup,3,False,VSWIZRHHEH,group1
0.6080652956254038,0.3274787442097522,0.04687289331580596,11081,0.0,2024-01-29,signup,9,False,VNROWNIFOD,group1
0.271611825747159,0.4645900025035652,0.0937457866316119,11093,0.0,2024-01-26,signup,7,False,QLQZOGXAHO,group1
0.6080652956254038,0.43037451923205783,1.0,11097,1.0,2024-01-30,signup,9,True,YDRHCSFEYB,group1
0.49591413899932213,0.4945028278383905,0.0937457866316119,11100,0.0,2024-01-21,signup,4,True,EZKOTPAAZU,group1
0.7202164522514855,0.6753273092468186,0.5156018264738655,11101,1.0,2024-01-16,signup,7,False,UVUBIERIOB,group1
0.832367608877567,0.2660014325670792,0.14061867994741786,11103,0.0,2024-01-21,signup,5,False,THXBBCVKRR,group1
0.49591413899932213,0.2841924098447315,0.8437120796845072,11105,0.0,2024-01-31,signup,5,True,VUCVHLKJJO,group1
0.3837629823732406,0.5451685271634736,0.04687289331580596,11111,0.0,2024-01-22,signup,6,False,UOFHSNABFH,group1
0.271611825747159,0.465676275359046,0.4687289331580596,11113,0.0,2024-01-20,signup,2,True,CGXJYOONML,group1
0.6080652956254038,0.9496744198443912,0.3281102532106417,11114,1.0,2024-01-20,signup,5,False,RLYADWFJOZ,group1
0.49591413899932213,0.5546344797877056,0.37498314652644765,11115,1.0,2024-01-03,signup,1,False,CNMYAAOJRR,group1
0.15946066912107737,0.0,0.6562205064212835,11117,1.0,2024-01-09,signup,2,True,RSWKXRBRMS,group1
0.6080652956254038,0.3377406791545243,0.0,11124,0.0,2024-01-05,signup,4,False,DZYSVLXJYC,group1
0.7202164522514855,0.5915381479369217,0.7030933997370894,11134,1.0,2024-01-31,signup,9,False,HJPVFTDGAI,group1
0.49591413899932213,0.40586916636572967,0.18749157326322383,11135,0.0,2024-01-09,signup,7,False,MXPBBSOMXU,group1
0.3837629823732406,0.6399880192917382,0.4687289331580596,11141,1.0,2024-01-08,signup,5,False,XHIOCBXKJJ,group1
0.3837629823732406,0.560581916821052,0.3281102532106417,11146,0.0,2024-01-13,signup,1,True,FCCLHCCTVY,group1
0.49591413899932213,0.21373187631887536,0.0,11147,0.0,2024-01-21,signup,7,True,XOURFSTXDJ,group1
0.832367608877567,0.45172419957230714,0.0,11150,0.0,2024-01-21,signup,6,False,PBBCESDICD,group1
0.832367608877567,0.7456156619683383,0.7499662930528953,11151,1.0,2024-01-24,signup,7,False,XLTPDCZCPN,group1
0.271611825747159,0.288976971301933,0.23436446657902976,11156,1.0,2024-01-04,signup,3,True,IMFVCCFBRU,group1
0.49591413899932213,0.45745179728180174,0.0,11157,0.0,2024-01-31,signup,7,False,VVEBTCTKRN,group1
0.271611825747159,0.1435479625418985,0.5156018264738655,11158,1.0,2024-01-09,signup,5,True,PCJOUAWYCD,group1
0.6080652956254038,0.34070383220668043,0.0,11161,0.0,2024-01-05,signup,7,False,EUNFHIEGWA,group1
0.271611825747159,0.6045141570187043,0.37498314652644765,11166,0.0,2024-01-19,signup,3,True,FVRJASOOVI,group1
0.9999999999999999,0.44853337636433466,0.0,11169,0.0,2024-01-27,signup,1,False,ASKUWRHHUA,group1
0.7202164522514855,0.37002877009588353,0.37498314652644765,11170,1.0,2024-01-08,signup,8,True,LHMGICHNKD,group1
0.9445187655036485,0.2830454555632813,0.4687289331580596,11171,1.0,2024-01-19,signup,6,True,LELXJRTSEJ,group1
0.49591413899932213,0.4707849162058477,0.18749157326322383,11173,1.0,2024-01-15,signup,7,True,XUBXVPNXOG,group1
0.271611825747159,0.7035773077498306,0.18749157326322383,11174,1.0,2024-01-04,signup,8,True,UBPUHKKFDL,group1
0.49591413899932213,0.4927586251620846,0.6562205064212835,11176,1.0,2024-01-13,signup,8,False,DLVODZPRHG,group1
0.7202164522514855,0.5332996167336126,0.4687289331580596,11184,1.0,2024-01-01,signup,7,True,BCLJERHNNE,group1
0.7202164522514855,0.5017305993284458,0.6093476131054775,11189,1.0,2024-01-29,signup,8,False,UMXWNANCFB,group1
0.7202164522514855,0.299953253639603,0.7499662930528953,11190,1.0,2024-01-27,signup,7,False,EHXSXLSZIY,group1
0.3837629823732406,0.6805069403999573,0.0,11197,0.0,2024-01-18,signup,9,True,CJLCZJWFPZ,group1
0.6080652956254038,0.43664565942001454,0.0,11200,0.0,2024-01-27,signup,2,False,JZHQJOIMXM,group1
0.49591413899932213,0.939186891724074,0.3281102532106417,11201,0.0,2024-01-06,signup,1,False,QQJTPMCJII,group1
0.832367608877567,0.7702593650725262,0.9843307596319252,11202,1.0,2024-01-07,signup,8,True,QOTZREFEGP,group1
0.047309512494995765,0.7136448859020135,0.7499662930528953,11203,1.0,2024-01-06,signup,8,False,NZVFZNGSBL,group1
0.9999999999999999,0.4144519670991378,0.9374578663161192,11205,1.0,2024-01-06,signup,2,True,UIYVUXKCVW,group1
0.6080652956254038,0.581580623118084,0.18749157326322383,11208,0.0,2024-01-08,signup,7,True,AAAEJOLSFX,group1
0.271611825747159,0.22037138733435047,0.0,11215,0.0,2024-01-18,signup,6,False,CQSNPZWGJX,group1
0.271611825747159,0.40098938610887336,0.23436446657902976,11220,0.0,2024-01-04,signup,1,False,IDIGDMVQGK,group1
0.271611825747159,0.40281926070877727,0.6093476131054775,11222,1.0,2024-01-07,signup,1,False,UMNIWUVVDM,group1
0.3837629823732406,0.285595661671044,0.14061867994741786,11232,0.0,2024-01-03,signup,1,True,GPHQCQMAPX,group1
0.9999999999999999,0.2566130321802307,0.0937457866316119,11234,0.0,2024-01-14,signup,5,True,BFAGATXFHL,group1
0.9445187655036485,0.8876731315115762,0.04687289331580596,11240,0.0,2024-01-09,signup,8,False,THQAVKAGQW,group1
0.7202164522514855,0.5152866090929966,0.04687289331580596,11242,0.0,2024-01-12,signup,7,True,WTFNQXEEJZ,group1
0.15946066912107737,0.30787959247428986,0.4218560398422536,11251,1.0,2024-01-06,signup,7,False,TZLNPRFIIN,group1
0.832367608877567,0.16167589816869388,0.2812373598948357,11252,1.0,2024-01-04,signup,5,True,WXPMDRNEZT,group1
0.271611825747159,1.0000000000000004,0.14061867994741786,11263,0.0,2024-01-12,signup,5,True,LRPXVXSUVW,group1
0.15946066912107737,1.0000000000000004,0.3281102532106417,11264,1.0,2024-01-02,signup,1,False,AUQSSLXIYU,group1
0.271611825747159,0.5465351564436003,0.7499662930528953,11266,1.0,2024-01-19,signup,2,True,RHFUUDIWOO,group1
0.49591413899932213,0.21657991698993273,0.14061867994741786,11271,0.0,2024-01-05,signup,5,True,NUCHHTSXLA,group1
0.6080652956254038,0.28018463519787007,0.0,11276,0.0,2024-01-31,signup,4,False,CDEWOREWVL,group1
0.271611825747159,0.8465085508628247,1.0,11277,1.0,2024-01-21,signup,3,False,OLCKJNVHAK,group1
0.6080652956254038,0.4787266034946529,0.7968391863687013,11279,1.0,2024-01-17,signup,5,False,EUDIDVGZVG,group1
0.271611825747159,0.13935709472980395,0.37498314652644765,11280,0.0,2024-01-17,signup,1,True,NVTEFCOFXJ,group1
0.3837629823732406,0.5617101455230356,0.7499662930528953,11284,1.0,2024-01-13,signup,7,True,ZPJCUXFDWE,group1
0.271611825747159,0.6474122696255731,0.0,11285,0.0,2024-01-12,signup,8,False,TTJGKZQDZT,group1
0.6080652956254038,0.5195147365783832,0.8905849730003133,11286,1.0,2024-01-06,signup,6,True,EQTJNXHEAX,group1
0.7202164522514855,0.4172208274182747,0.0,11288,0.0,2024-01-21,signup,3,True,ZHQVSVOYMT,group1
0.7202164522514855,0.42220047172007646,0.2812373598948357,11289,1.0,2024-01-29,signup,4,True,KLLPJZIKHI,group1
0.6080652956254038,0.33599362898304896,0.2812373598948357,11290,1.0,2024-01-13,signup,6,False,CHFPXMSBSM,group1
0.3837629823732406,0.09170691779679929,0.7030933997370894,11293,1.0,2024-01-05,signup,2,True,BPPXOIIDJV,group1
0.49591413899932213,0.3919994905337063,0.0937457866316119,11294,0.0,2024-01-14,signup,4,False,AAXKODEIPG,group1
0.9999999999999999,0.5023095304481768,0.2812373598948357,11304,0.0,2024-01-03,signup,3,True,LFIOGBMCAH,group1
0.271611825747159,0.33408538350260786,0.4218560398422536,11308,1.0,2024-01-25,signup,1,True,RLPBUDYGVR,group1
0.832367608877567,0.44930610091515577,0.04687289331580596,11309,0.0,2024-01-17,signup,8,False,EHPOOYPCZQ,group1
0.49591413899932213,0.24190167724513278,0.6562205064212835,11320,1.0,2024-01-09,signup,8,False,OSCYZOVQKA,group1
0.271611825747159,0.4196140466750462,0.37498314652644765,11331,0.0,2024-01-15,signup,8,False,KQCZNCDAIY,group1
0.832367608877567,0.5140817234622244,0.04687289331580596,11337,0.0,2024-01-21,signup,4,False,YPZFTJORJE,group1
0.9445187655036485,0.9901241898116342,0.18749157326322383,11344,0.0,2024-01-07,signup,2,True,XDHWGYRHSB,group1
0.7202164522514855,0.6321179578380138,0.6562205064212835,11362,1.0,2024-01-22,signup,2,True,TQAQSPAERS,group1
0.6080652956254038,0.24630454331836393,0.7968391863687013,11365,1.0,2024-01-04,signup,3,False,WJTEHMDPYH,group1
0.3837629823732406,0.5206396779496218,0.0937457866316119,11368,0.0,2024-01-03,signup,3,False,SOGYFLQCTV,group1
0.832367608877567,0.2458865844152096,1.0,11369,1.0,2024-01-26,signup,9,False,FISMXFFHJY,group1
0.047309512494995765,0.5098734926870505,0.14061867994741786,11371,0.0,2024-01-05,signup,3,False,GENTXWRVFK,group1
0.271611825747159,0.6947054463936628,0.0937457866316119,11375,0.0,2024-01-03,signup,1,False,JYDGHGBADV,group1
0.271611825747159,0.4036653229122362,0.0,11380,0.0,2024-01-03,signup,6,True,EGGXLKZHKM,group1
0.15946066912107737,0.5240331306975428,0.5624747197896716,11405,1.0,2024-01-17,signup,3,True,BYWSRMMRXV,group1
0.3837629823732406,0.5255755097613628,0.0937457866316119,11409,0.0,2024-01-12,signup,6,False,OJQYHSRLYN,group1
0.047309512494995765,0.4459899943093131,0.37498314652644765,11412,0.0,2024-01-24,signup,5,True,FYOYWUSZAS,group1
0.6080652956254038,0.6124452174208521,0.4218560398422536,11417,0.0,2024-01-29,signup,2,False,DHKTVUNNUJ,group1
0.3837629823732406,0.33531529684053796,0.7968391863687013,11423,1.0,2024-01-29,signup,9,False,TAQJCBGQKM,group1
0.3837629823732406,0.21921693226213002,0.18749157326322383,11428,0.0,2024-01-28,signup,7,True,XATDZAOTAM,group1
0.49591413899932213,0.37434743682875116,0.23436446657902976,11434,1.0,2024-01-04,signup,2,True,MLMOLNDNQB,group1
0.6080652956254038,0.4883479655520264,0.37498314652644765,11436,0.0,2024-01-12,signup,5,False,XRZIBTHIMT,group1
0.271611825747159,0.3722462253991665,0.3281102532106417,11440,0.0,2024-01-27,signup,7,True,KSQPUHVANL,group1
0.49591413899932213,0.5968405383291269,0.04687289331580596,11442,0.0,2024-01-09,signup,4,True,BSVQCCQWWD,group1
0.49591413899932213,0.729847143923744,0.4218560398422536,11444,0.0,2024-01-07,signup,8,False,OSWQREFCLX,group1
0.047309512494995765,0.17184307584278358,0.4687289331580596,11456,0.0,2024-01-11,signup,1,True,BGBNDCQYRP,group1
0.3837629823732406,0.6386362629436779,0.04687289331580596,11461,0.0,2024-01-28,signup,7,False,WLFAWXHCGY,group1
0.271611825747159,0.5281017579644374,0.2812373598948357,11462,1.0,2024-01-04,signup,5,False,BJAJOQRSIH,group1
0.6080652956254038,0.39758838236503014,0.5156018264738655,11463,0.0,2024-01-07,signup,8,True,AZNNYQESJM,group1
0.047309512494995765,0.2940768067341941,0.4218560398422536,11467,1.0,2024-01-02,signup,7,False,YOWFQDXBQL,group1
0.49591413899932213,0.6519324711513832,0.04687289331580596,11473,0.0,2024-01-26,signup,6,True,OHDJDZBRFZ,group1
0.6080652956254038,0.853168885838008,0.4687289331580596,11479,1.0,2024-01-07,signup,9,False,VZMPFDXVEW,group1
0.6080652956254038,0.3515755256680917,0.7030933997370894,11483,1.0,2024-01-25,signup,7,True,AYDALARNFJ,group1
0.49591413899932213,0.640835738831294,0.0,11487,0.0,2024-01-06,signup,2,False,WXLVVCKYST,group1
0.271611825747159,0.7775448248350738,0.14061867994741786,11492,0.0,2024-01-02,signup,4,True,ZSAZXEKIGH,group1
0.7202164522514855,0.5225397098980853,0.6562205064212835,11495,1.0,2024-01-08,signup,5,False,BZHNHXCHNL,group1
0.832367608877567,0.2993325919828429,0.14061867994741786,11498,0.0,2024-01-15,signup,9,False,JJZKJPOQXT,group1
0.49591413899932213,0.6110936463535341,0.23436446657902976,11504,1.0,2024-01-03,signup,6,True,FUUBKCMADL,group1
0.271611825747159,0.33582720397917143,0.6093476131054775,11505,1.0,2024-01-11,signup,1,True,QEZYRSDWMB,group1
0.6080652956254038,0.3151921942223832,0.6093476131054775,11506,1.0,2024-01-11,signup,4,True,NXSTFMJXGD,group1
0.7202164522514855,0.3912199907294811,0.0937457866316119,11508,0.0,2024-01-03,signup,8,True,ZLZXFLZQFW,group1
0.7202164522514855,0.34633721610311596,0.23436446657902976,11509,0.0,2024-01-09,signup,7,False,HXAFYZMHZC,group1
0.49591413899932213,0.4844836565937576,0.7030933997370894,11511,1.0,2024-01-19,signup,7,False,LDUJEUQXON,group1
0.271611825747159,1.0000000000000004,0.3281102532106417,11512,1.0,2024-01-11,signup,5,True,LPNPGIKQVW,group1
0.7202164522514855,0.5843077886617292,0.2812373598948357,11514,1.0,2024-01-02,signup,2,False,ZBCTRWKHUJ,group1
0.271611825747159,0.5033502141082002,0.3281102532106417,11518,1.0,2024-01-20,signup,9,False,AFDHDEINEJ,group1
0.3837629823732406,0.2559888819337175,0.14061867994741786,11521,0.0,2024-01-21,signup,5,True,YHWZAZEZIA,group1
0.3837629823732406,0.5698632609706147,0.7968391863687013,11525,1.0,2024-01-06,signup,1,True,XXPXVWXTHV,group1
0.49591413899932213,1.0000000000000004,0.7499662930528953,11537,1.0,2024-01-17,signup,4,True,MMFXEKFWNT,group1
0.3837629823732406,0.23063917709584647,0.14061867994741786,11540,1.0,2024-01-25,signup,2,True,AKFUINNLTI,group1
0.9445187655036485,0.5894289426507191,0.37498314652644765,11542,1.0,2024-01-31,signup,6,False,EKVNECEIUE,group1
0.832367608877567,0.6262804350647153,0.14061867994741786,11543,0.0,2024-01-08,signup,3,False,YDVOCKTHPX,group1
0.271611825747159,0.48306435616008647,0.4687289331580596,11546,1.0,2024-01-30,signup,4,False,JHONYSWIIW,group1
0.7202164522514855,0.4142086609098721,0.4687289331580596,11552,1.0,2024-01-27,signup,6,False,VJCVOXCWEB,group1
0.7202164522514855,0.5508253078047329,0.04687289331580596,11558,0.0,2024-01-22,signup,1,True,YNWSJBWPHO,group1
0.7202164522514855,0.6947877134360794,0.14061867994741786,11561,0.0,2024-01-27,signup,1,True,QUQZXAHPLB,group1
0.9445187655036485,0.6760013882175033,0.04687289331580596,11565,0.0,2024-01-31,signup,8,False,KDBZTSEYVG,group1
0.9999999999999999,0.5527962866112679,0.14061867994741786,11567,0.0,2024-01-02,signup,7,False,QELMFZSMPZ,group1
0.49591413899932213,0.826777875137056,0.2812373598948357,11572,0.0,2024-01-22,signup,1,False,VMGGBQYPVQ,group1
0.15946066912107737,0.2708444881075738,0.0,11575,0.0,2024-01-02,signup,5,True,AIPNAALQUK,group1
0.49591413899932213,1.0000000000000004,0.4687289331580596,11577,1.0,2024-01-18,signup,7,False,ZIGLMNRCWK,group1
0.7202164522514855,0.6906317054347122,0.7030933997370894,11579,1.0,2024-01-11,signup,7,True,EGDEWLLBIV,group1
0.49591413899932213,0.762166085238003,0.23436446657902976,11582,1.0,2024-01-08,signup,1,True,QFMJDDIKEN,group1
0.7202164522514855,0.8415801576326087,0.23436446657902976,11584,1.0,2024-01-28,signup,2,False,OEYFWTVJAQ,group1
0.49591413899932213,0.3952058696430987,0.23436446657902976,11589,1.0,2024-01-30,signup,3,False,NQOOMFMQJU,group1
0.3837629823732406,0.19727957801797968,0.18749157326322383,11593,0.0,2024-01-27,signup,5,False,JTGDLMIUSM,group1
0.271611825747159,0.17140798131061885,0.23436446657902976,11595,1.0,2024-01-29,signup,3,True,VIUBBRYEBQ,group1
0.7202164522514855,0.14540778129940435,0.4687289331580596,11600,0.0,2024-01-12,signup,9,False,OVJSPNCPDX,group1
0.3837629823732406,0.39268621908796764,0.6093476131054775,11605,1.0,2024-01-24,signup,6,True,IEZFZYLBXN,group1
0.047309512494995765,0.3805065944581747,0.04687289331580596,11606,0.0,2024-01-27,signup,6,True,SIRKWRKFHO,group1
0.15946066912107737,0.8951565467952203,0.0,11612,0.0,2024-01-20,signup,8,False,PGITEAQOEF,group1
0.9445187655036485,0.40479867898481503,0.4218560398422536,11618,1.0,2024-01-17,signup,6,True,KRZVXEEJZF,group1
0.49591413899932213,0.4149744355724563,0.5624747197896716,11632,1.0,2024-01-29,signup,9,True,HYNSPDAMAD,group1
0.6080652956254038,0.11098760940996844,0.0937457866316119,11638,0.0,2024-01-17,signup,4,False,VIQFFCXSET,group1
0.3837629823732406,0.6474038529076935,0.5156018264738655,11652,0.0,2024-01-01,signup,7,True,ASKTAZLRMK,group1
0.271611825747159,1.0000000000000004,0.14061867994741786,11669,0.0,2024-01-30,signup,7,False,KJXQCDCTJS,group1
0.0,0.637836688428898,0.2812373598948357,11672,0.0,2024-01-01,signup,4,False,YBTSOYXSJJ,group1
0.832367608877567,0.1923739354130145,0.04687289331580596,11674,0.0,2024-01-08,signup,2,True,LQPZBSQJWP,group1
0.271611825747159,0.9800271871803612,0.0,11680,0.0,2024-01-13,signup,5,False,DVQLNMPFWQ,group1
0.6080652956254038,0.8969850041654932,0.04687289331580596,11688,0.0,2024-01-26,signup,6,False,ZTSGZDWMAL,group1
0.49591413899932213,0.5701522080018564,0.0,11690,0.0,2024-01-25,signup,7,False,YGBRWVUUGR,group1
0.3837629823732406,0.5910277624065126,1.0,11691,1.0,2024-01-07,signup,6,False,QFAPIKAOLF,group1
0.7202164522514855,0.4861837133665423,0.8905849730003133,11692,1.0,2024-01-24,signup,9,True,LDXYPHJZKO,group1
0.3837629823732406,0.0,0.7499662930528953,11701,0.0,2024-01-03,signup,4,False,RWAHYEWWIJ,group1
0.6080652956254038,1.0000000000000004,0.5624747197896716,11708,0.0,2024-01-15,signup,6,True,PMMTKQRNLP,group1
0.6080652956254038,0.021089816311013365,0.18749157326322383,11722,0.0,2024-01-22,signup,5,False,HYLNLUHQNC,group1
0.7202164522514855,0.09185995010425474,0.14061867994741786,11725,0.0,2024-01-13,signup,8,True,OUHFSPAUUT,group1
0.49591413899932213,0.0,0.0937457866316119,11726,0.0,2024-01-19,signup,8,True,ASWNZHCIVS,group1
0.15946066912107737,0.5684643798912976,0.18749157326322383,11728,0.0,2024-01-23,signup,4,False,DKEWMFJLDR,group1
0.3837629823732406,0.4596876476026486,0.18749157326322383,11730,1.0,2024-01-22,signup,2,False,TYTUYAKPGI,group1
0.0,0.7617040647101732,0.8437120796845072,11737,1.0,2024-01-16,signup,6,False,IJZWGWZKTK,group1
0.6080652956254038,0.3373908110251582,0.04687289331580596,11739,0.0,2024-01-28,signup,2,False,YTRGSLAFNU,group1
0.3837629823732406,0.6752662044572983,0.0,11746,0.0,2024-01-20,signup,9,False,PTQITNCUGF,group1
0.271611825747159,0.9396754315278142,0.0,11748,0.0,2024-01-02,signup,1,False,KRPKBCLMHS,group1
0.047309512494995765,0.4802673746667714,0.4218560398422536,11750,1.0,2024-01-08,signup,4,True,RPHRQPAMPX,group1
0.7202164522514855,0.7730002941978369,0.04687289331580596,11754,0.0,2024-01-31,signup,3,True,QWKWNSZGAK,group1
0.0,0.15232358611378238,0.5156018264738655,11756,1.0,2024-01-17,signup,7,True,OXMQZYTANN,group1
0.9999999999999999,0.3489383040679406,0.2812373598948357,11759,1.0,2024-01-19,signup,6,True,VBIKENPYCB,group1
0.271611825747159,0.2610564145180492,0.2812373598948357,11765,1.0,2024-01-11,signup,6,True,QNWAUBDXHN,group1
0.7202164522514855,0.22398504315698364,0.0,11768,0.0,2024-01-16,signup,8,True,PWJNUOLOBZ,group1
0.15946066912107737,0.701342461856707,0.14061867994741786,11769,0.0,2024-01-31,signup,1,False,EENGPKAJHM,group1
0.047309512494995765,0.1338172788832055,0.0937457866316119,11772,0.0,2024-01-04,signup,4,True,JLMOHYDREA,group1
0.49591413899932213,0.7807255896972074,0.37498314652644765,11775,0.0,2024-01-25,signup,8,False,MHPAZXXMOE,group1
0.49591413899932213,0.5245256240961083,0.5156018264738655,11778,1.0,2024-01-17,signup,9,False,MRLSAAYQPZ,group1
0.832367608877567,0.7786641917811812,0.23436446657902976,11780,0.0,2024-01-01,signup,6,False,LSRDZCXPII,group1
0.49591413899932213,0.5180216343668103,0.8905849730003133,11783,1.0,2024-01-22,signup,5,False,VZFSLAZBIV,group1
0.15946066912107737,0.7039672952800817,0.18749157326322383,11784,1.0,2024-01-12,signup,6,False,MNVLQAHZSJ,group1
0.49591413899932213,0.8156202448738656,0.23436446657902976,11785,1.0,2024-01-06,signup,3,True,KNZOXEGIHS,group1
0.6080652956254038,0.43060107960434335,0.4687289331580596,11789,1.0,2024-01-26,signup,8,False,PKVFLBMWYS,group1
0.6080652956254038,0.6416413961489873,0.7030933997370894,11790,1.0,2024-01-22,signup,7,True,WCMWXEJLRY,group1
0.3837629823732406,0.5941959032449748,0.8437120796845072,11795,1.0,2024-01-15,signup,1,False,REPDYGPASW,group1
0.271611825747159,0.692091202436929,0.0,11796,0.0,2024-01-31,signup,4,True,PGAIEUYNJN,group1
0.3837629823732406,0.5113586442953482,1.0,11806,1.0,2024-01-18,signup,6,True,YMPCXUJDLN,group1
0.6080652956254038,0.32816230038154925,0.14061867994741786,11808,0.0,2024-01-02,signup,3,True,None,group1
0.832367608877567,0.6284866081755052,0.5156018264738655,11813,0.0,2024-01-21,signup,7,True,HYCADOJOGA,group1
0.6080652956254038,0.7184359819587542,0.7968391863687013,11815,1.0,2024-01-15,signup,5,True,NDVBLOOWBA,group1
0.9999999999999999,0.6056849640640309,0.5156018264738655,11818,1.0,2024-01-31,signup,3,False,GJJUVPMKBX,group1
0.6080652956254038,0.6938002576579749,0.2812373598948357,11819,0.0,2024-01-25,signup,8,True,EEVMJSSYZS,group1
0.6080652956254038,0.6036001296504834,0.9374578663161192,11820,1.0,2024-01-29,signup,8,True,YRDZUMJJBQ,group1
0.9999999999999999,0.5593563761548555,0.5624747197896716,11830,0.0,2024-01-02,signup,7,True,WAJYMEGFNZ,group1
0.832367608877567,0.8217312559444716,0.7968391863687013,11837,1.0,2024-01-03,signup,8,True,FUSTHTPOIJ,group1
0.7202164522514855,0.20464962057485092,0.0937457866316119,11840,0.0,2024-01-13,signup,4,True,NSXPYDTGXR,group1
0.49591413899932213,0.6477402770166258,0.5624747197896716,11847,1.0,2024-01-12,signup,1,False,GVZQYVYHXC,group1
0.15946066912107737,0.3658492756429843,0.5624747197896716,11852,1.0,2024-01-08,signup,7,True,VMYGFSSWHA,group1
0.3837629823732406,0.4550344285803365,0.04687289331580596,11861,0.0,2024-01-11,signup,7,False,AAMFOUYNWS,group1
0.271611825747159,0.41898110775922826,0.0,11866,0.0,2024-01-20,signup,9,True,RQFYXAEDBX,group1
0.15946066912107737,0.8483050371935708,0.3281102532106417,11883,0.0,2024-01-09,signup,7,True,NBAGSJXJMM,group1
0.49591413899932213,0.30098347076970056,0.0,11886,0.0,2024-01-11,signup,5,False,GYCEGUAARE,group1
0.7202164522514855,0.503418112867621,0.23436446657902976,11888,1.0,2024-01-06,signup,7,False,DHSKWPYDQT,group1
0.6080652956254038,1.0000000000000004,0.04687289331580596,11893,0.0,2024-01-07,signup,6,False,TPSXHZKXEP,group1
0.49591413899932213,0.37959370934062386,0.0937457866316119,11894,0.0,2024-01-15,signup,7,False,IXAXKNLXPN,group1
0.3837629823732406,0.32115264407431754,0.0,11900,0.0,2024-01-20,signup,9,False,ARSOKBHOCJ,group1
0.7202164522514855,0.10405432362196354,0.18749157326322383,11907,0.0,2024-01-27,signup,2,False,KBQXJSRZYQ,group1
0.271611825747159,0.589951109932974,0.5156018264738655,11910,1.0,2024-01-28,signup,4,True,VBEIGJQTXG,group1
0.9999999999999999,0.8218566451402789,0.4687289331580596,11914,1.0,2024-01-29,signup,1,True,WFFFEQNNMN,group1
0.6080652956254038,0.5450975630832016,0.6093476131054775,11919,1.0,2024-01-24,signup,5,True,ULLNQCLXKE,group1
0.6080652956254038,0.33694570806656543,0.0,11924,0.0,2024-01-13,signup,7,False,HTERUIZPKJ,group1
0.6080652956254038,0.2577601165452461,0.23436446657902976,11927,0.0,2024-01-04,signup,7,False,KMBDSULEIN,group1
0.271611825747159,0.45107595393492206,0.7030933997370894,11936,1.0,2024-01-14,signup,3,False,ITQUNHYVWL,group1
0.7202164522514855,0.8649175562548477,0.37498314652644765,11937,0.0,2024-01-28,signup,1,True,UPXMXNQPFS,group1
0.271611825747159,0.6994099788473025,0.7499662930528953,11942,0.0,2024-01-31,signup,6,False,XOAVQSMOKE,group1
0.7202164522514855,1.0000000000000004,0.6093476131054775,11943,1.0,2024-01-07,signup,5,False,IMWGNXGDJL,group1
0.49591413899932213,0.21739603404453867,0.4687289331580596,11951,0.0,2024-01-23,signup,2,False,EZPHDMBYBO,group1
0.271611825747159,0.42987807706684933,0.6562205064212835,11954,1.0,2024-01-31,signup,9,True,ICULORHOKI,group1
0.15946066912107737,0.670178230421616,1.0,11969,1.0,2024-01-04,signup,4,False,SJJUXAQJCD,group1
0.49591413899932213,0.633477195467488,0.2812373598948357,11971,0.0,2024-01-20,signup,2,False,DPZDWMXKRZ,group1
0.6080652956254038,0.5265968435332522,0.18749157326322383,11972,0.0,2024-01-11,signup,9,False,DQDFQJFORJ,group1
0.6080652956254038,0.2402054409602128,0.14061867994741786,11976,0.0,2024-01-22,signup,8,False,VVCTIPGMMH,group1
0.49591413899932213,0.55438835645512,0.6093476131054775,11985,1.0,2024-01-22,signup,6,False,ZOFNELAOLR,group1
0.832367608877567,0.3891158470529028,0.23436446657902976,12000,1.0,2024-01-14,signup,5,True,OQBGZFHDFS,group1
0.9445187655036485,0.7711739552275145,0.14061867994741786,12002,0.0,2024-01-01,signup,3,False,JGKCKXDUCV,group1
0.6080652956254038,0.53822678884119,0.7499662930528953,12005,1.0,2024-01-01,signup,6,False,IHYINFFRJH,group1
0.6080652956254038,0.584942368247162,0.9843307596319252,12013,1.0,2024-01-12,signup,4,True,WWWUCLGUCO,group1
0.6080652956254038,0.1775871862595677,0.0,12016,0.0,2024-01-27,signup,8,False,EETDFBLZIT,group1
0.271611825747159,0.5920163792515201,0.0,12018,0.0,2024-01-24,signup,4,False,XSFSHIBNJG,group1
0.3837629823732406,0.5002999679102276,0.3281102532106417,12020,0.0,2024-01-18,signup,3,False,LWOFFEDBBJ,group1
0.6080652956254038,0.3447404247082657,0.9843307596319252,12021,1.0,2024-01-23,signup,8,True,AOJOQKQQOI,group1
0.271611825747159,0.39067658002924555,0.3281102532106417,12026,1.0,2024-01-12,signup,2,True,KDBXMWKDSQ,group1
0.832367608877567,0.7825416804764234,0.23436446657902976,12034,1.0,2024-01-06,signup,6,True,MVWGYPYZQL,group1
0.6080652956254038,0.09303690196698611,0.7499662930528953,12037,1.0,2024-01-05,signup,7,False,QQREMTBZAS,group1
0.49591413899932213,0.6324911594045717,0.2812373598948357,12041,0.0,2024-01-03,signup,3,True,DKBMXACNRB,group1
0.6080652956254038,0.49304219068070765,0.7968391863687013,12042,1.0,2024-01-25,signup,9,False,CIXKQEUISQ,group1
0.15946066912107737,0.615330975873714,0.5624747197896716,12044,1.0,2024-01-03,signup,1,False,QLDABYBCYO,group1
0.6080652956254038,0.57727232823893,0.6093476131054775,12046,0.0,2024-01-14,signup,6,True,BYLIOIAFUO,group1
0.832367608877567,0.7329947019147571,0.14061867994741786,12048,1.0,2024-01-03,signup,1,True,NPUPCXSYNS,group1
0.49591413899932213,0.5492266976349622,0.04687289331580596,12050,0.0,2024-01-01,signup,7,True,RONOBRKBAN,group1
0.15946066912107737,1.0000000000000004,0.4218560398422536,12051,0.0,2024-01-19,signup,6,True,FIKYIAHPQJ,group1
0.7202164522514855,0.2541470980834428,0.8437120796845072,12053,1.0,2024-01-30,signup,2,True,RVASCJYIJA,group1
0.271611825747159,0.35023380815563687,0.0937457866316119,12058,0.0,2024-01-24,signup,2,False,PEVSSGVERQ,group1
0.9999999999999999,0.3792573714678382,0.6093476131054775,12061,1.0,2024-01-16,signup,1,False,GJVEZDOBLT,group1
0.7202164522514855,0.35820025262815847,0.7499662930528953,12063,1.0,2024-01-19,signup,1,False,VMZSXEUJHH,group1
0.49591413899932213,0.4769295630793473,0.37498314652644765,12064,1.0,2024-01-23,signup,5,False,KZQNYKPITJ,group1
0.15946066912107737,0.09542601720793131,0.04687289331580596,12072,0.0,2024-01-13,signup,8,True,DXTHNNUKHO,group1
0.6080652956254038,0.17237171542957697,0.6562205064212835,12075,1.0,2024-01-08,signup,3,False,TFTQSWIQUO,group1
0.832367608877567,0.4788890705060407,0.3281102532106417,12079,1.0,2024-01-17,signup,1,True,NTNUDZUIOU,group1
0.6080652956254038,0.39277292529251495,0.9843307596319252,12086,1.0,2024-01-15,signup,4,False,LOFVJGSLFD,group1
0.271611825747159,0.3598340351144209,0.5624747197896716,12088,1.0,2024-01-28,signup,2,True,BPCDMHWZRD,group1
0.6080652956254038,0.40397215757450144,0.5156018264738655,12091,0.0,2024-01-09,signup,8,False,NWMTGUJEYX,group1
0.6080652956254038,0.6109700749343236,0.0,12095,0.0,2024-01-31,signup,3,True,ZEXBAAOZGB,group1
0.047309512494995765,0.6353092012286967,0.14061867994741786,12101,0.0,2024-01-02,signup,6,True,LJVDFLSISA,group1
0.3837629823732406,0.3668216995379048,0.3281102532106417,12103,1.0,2024-01-23,signup,6,True,HHMMCVJSMA,group1
0.9999999999999999,0.6204253810928213,0.23436446657902976,12110,0.0,2024-01-24,signup,5,False,PLVNPMLWBO,group1
0.9999999999999999,0.0,0.0,12112,0.0,2024-01-08,signup,6,True,VDDYNXOWXC,group1
0.15946066912107737,0.2167341995840837,0.7499662930528953,12113,1.0,2024-01-19,signup,5,True,YHWIIZTNTI,group1
0.3837629823732406,0.0,0.5624747197896716,12118,1.0,2024-01-05,signup,6,True,LSMYANDLTJ,group1
0.15946066912107737,0.2393950503158453,0.7030933997370894,12128,1.0,2024-01-31,signup,4,True,KIVZQAHNQS,group1
0.271611825747159,0.22499400140685832,0.0,12129,0.0,2024-01-12,signup,7,True,VMYEOKBUGE,group1
0.6080652956254038,0.18117507095286944,0.0,12135,0.0,2024-01-03,signup,9,True,IJXAWEHIWV,group1
0.6080652956254038,0.3462930720844257,0.37498314652644765,12136,1.0,2024-01-12,signup,1,True,NPKNVSKUGE,group1
0.6080652956254038,0.3888791274934982,1.0,12148,0.0,2024-01-16,signup,1,True,QCCYJHLHLN,group1
0.15946066912107737,0.0,0.2812373598948357,12150,0.0,2024-01-24,signup,9,False,JQIVUASPUK,group1
0.49591413899932213,0.010490660222066683,0.23436446657902976,12156,0.0,2024-01-17,signup,2,False,TDCYDPSNSA,group1
0.832367608877567,0.450204014525069,0.2812373598948357,12157,0.0,2024-01-12,signup,8,True,ERIKMYGDAL,group1
0.6080652956254038,0.5044492947806529,0.14061867994741786,12163,0.0,2024-01-15,signup,5,True,VAPDKQDUXN,group1
0.6080652956254038,0.39476273712209764,0.5624747197896716,12168,1.0,2024-01-21,signup,5,True,RGOQOZZZUP,group1
0.6080652956254038,0.7341952612152682,0.14061867994741786,12169,0.0,2024-01-21,signup,2,True,WSTRVGESFM,group1
0.271611825747159,0.41292082835140453,0.0,12170,0.0,2024-01-16,signup,2,True,NGZAAIMXBD,group1
0.3837629823732406,0.41022193988159383,0.37498314652644765,12171,1.0,2024-01-04,signup,9,False,MLQLAMULRV,group1
0.3837629823732406,0.2956266283160187,0.04687289331580596,12180,0.0,2024-01-16,signup,4,False,QGKVYOPZEP,group1
0.832367608877567,0.5907447827895345,0.23436446657902976,12191,0.0,2024-01-23,signup,5,True,PXXHEPHSFW,group1
0.271611825747159,0.9145839174507149,1.0,12192,1.0,2024-01-06,signup,2,True,HIOWAKEDPE,group1
0.15946066912107737,0.32480106763877137,0.0,12197,0.0,2024-01-27,signup,8,False,TDAWIZRNQC,group1
0.6080652956254038,0.7555943213127954,0.23436446657902976,12202,0.0,2024-01-14,signup,2,True,MBFRWACPUX,group1
0.271611825747159,0.7540934520986595,0.37498314652644765,12218,0.0,2024-01-14,signup,8,True,UKVZKJVLSY,group1
0.49591413899932213,0.371002076274598,0.0937457866316119,12219,0.0,2024-01-08,signup,1,True,PSJYJLZVET,group1
0.49591413899932213,0.5791780457278843,0.23436446657902976,12220,0.0,2024-01-11,signup,9,False,HOHMIPAGJV,group1
0.49591413899932213,0.4293777668530505,0.04687289331580596,12222,0.0,2024-01-18,signup,1,True,WYNUJAWIDA,group1
0.3837629823732406,0.2744309946931778,0.23436446657902976,12226,0.0,2024-01-18,signup,6,False,DOCRQVFMKQ,group1
0.9999999999999999,0.13311415605883647,0.23436446657902976,12236,1.0,2024-01-13,signup,5,False,IOHXDYLWNE,group1
0.3837629823732406,0.6007053187783407,0.5156018264738655,12238,0.0,2024-01-03,signup,1,True,QZQVFXYHYC,group1
0.9999999999999999,0.5973295383275037,0.04687289331580596,12241,0.0,2024-01-15,signup,6,False,PBQZBHDOVK,group1
0.7202164522514855,0.5202108329411734,0.23436446657902976,12254,1.0,2024-01-30,signup,8,True,ENTMNADEVU,group1
0.15946066912107737,0.4687089885484834,0.7499662930528953,12256,0.0,2024-01-20,signup,8,True,VTRXRQCUXZ,group1
0.832367608877567,0.5792592908222081,0.23436446657902976,12261,0.0,2024-01-01,signup,9,True,PNLURQPKRH,group1
0.3837629823732406,0.9697874310161079,0.14061867994741786,12267,0.0,2024-01-30,signup,5,True,EFCXOHOXQM,group1
0.49591413899932213,0.5115132424468096,0.04687289331580596,12271,0.0,2024-01-14,signup,4,True,GDRPVPMVTG,group1
0.271611825747159,0.3360004201906519,0.7030933997370894,12276,1.0,2024-01-11,signup,5,False,TTTJCDBBJB,group1
0.7202164522514855,0.33040218557779166,0.5624747197896716,12277,1.0,2024-01-31,signup,5,False,SIQBEXSKSD,group1
0.3837629823732406,0.2647143028052952,1.0,12278,1.0,2024-01-30,signup,1,True,WTDFTHDIPV,group1
0.7202164522514855,0.13030663419472832,0.0,12279,0.0,2024-01-17,signup,4,False,PSLZFHBCDX,group1
0.271611825747159,0.3036309392077272,0.3281102532106417,12284,0.0,2024-01-07,signup,5,False,TGSLFQDOOY,group1
0.9445187655036485,0.24193955247439636,0.37498314652644765,12285,1.0,2024-01-22,signup,9,True,DDQMLAMHMO,group1
0.271611825747159,0.011959558808203763,0.7499662930528953,12297,1.0,2024-01-14,signup,2,False,NLTEPCFHYL,group1
0.047309512494995765,0.43560884736232985,0.5156018264738655,12300,1.0,2024-01-27,signup,3,True,None,group1
0.7202164522514855,0.38214358305504303,0.7499662930528953,12309,1.0,2024-01-24,signup,4,False,OOXBCQCOXM,group1
0.49591413899932213,0.8107478396722243,0.2812373598948357,12310,1.0,2024-01-19,signup,3,True,OWKRZNUTCC,group1
0.6080652956254038,0.5191933009757959,0.8437120796845072,12316,0.0,2024-01-22,signup,3,False,WLDRVFZWFY,group1
0.7202164522514855,0.31674239963952333,0.7030933997370894,12323,1.0,2024-01-12,signup,1,True,ALOKFRULOE,group1
0.6080652956254038,0.1459807283208936,0.6093476131054775,12325,1.0,2024-01-27,signup,5,False,RHYVOLYXVL,group1
0.7202164522514855,0.8766555498377238,0.5156018264738655,12326,1.0,2024-01-02,signup,3,False,FSIJMXDVMU,group1
0.49591413899932213,0.4149948750382375,0.14061867994741786,12327,0.0,2024-01-17,signup,8,True,XZDBLHGFFB,group1
0.15946066912107737,0.4750568441653904,0.6093476131054775,12328,1.0,2024-01-01,signup,5,True,AYAVVZAMGV,group1
0.6080652956254038,0.5350960856111189,0.7968391863687013,12330,1.0,2024-01-14,signup,4,True,YFKCVZSAJF,group1
0.047309512494995765,0.3455061940301847,0.0,12334,0.0,2024-01-21,signup,5,True,ROVGLTVJNL,group1
0.0,0.7593620959618899,0.7968391863687013,12337,1.0,2024-01-03,signup,6,True,BGQNNVRTDH,group1
0.832367608877567,0.6436579840128891,0.7968391863687013,12343,1.0,2024-01-29,signup,8,True,UNUSNTTYXR,group1
